time,xhat_0,xhat_1,xhat_2,xhat_3,xhat_4,xhat_5,xhat_6,xhat_7,xhat_8,xhat_9,input_0
0.0,0.0,0.0,4.812500000000001e-13,0.0,0.04274989181772633,-0.4886334994140012,0.9990482215818578,-0.043619387365336,0.0,0.0,-6.433838498320473e-12
0.0,0.0,0.0,4.812500000000001e-13,0.0,0.04274989181772633,-0.4886334994140012,0.9990482215818578,-0.043619387365336,0.0,0.0,-6.433838498320473e-12
0.05,0.0,0.0,8.233439430001105e-06,0.0,0.40244319890347974,8.700575674184648,0.9990482215818578,-0.043619387365336,0.0,0.0,-0.00011007296886273998
0.1,0.0,0.0,3.7681212708209994e-05,0.0,0.8134986255315244,13.675545299425256,0.9990482215818578,-0.043619387365336,0.0,0.0,-0.0005037606048445298
0.15000000000000002,0.0,0.0,9.156038776037155e-05,0.0,1.246091957291477,18.82313200309258,0.9990482215818578,-0.043619387365336,0.0,0.0,-0.0012240715280211808
0.2,0.0,0.0,0.00017124331411128723,0.0,1.6922020580281822,24.007352235242976,0.9990482215818578,-0.043619387365336,0.0,0.0,-0.002289350835850101
0.25,0.0,0.0,0.000274347778703237,0.0,2.13719309026506,29.041975403736572,0.9990482215818578,-0.043619387365336,0.0,0.0,-0.0036677436810199724
0.30000000000000004,0.0,0.0,0.000397923604365244,0.0,2.5753338008743096,33.95319872533592,0.9990482215818578,-0.043619387365336,0.0,0.0,-0.005319784952256389
0.35000000000000003,-0.03830192332999469,-0.05599191271078954,0.003640516902548776,0.12206654614858795,2.8994744693654146,38.79126304304498,0.9989948855868719,-0.04479365954308856,-0.0016492416009273269,0.00016321198658409352,-0.048668638689998746
0.4,-0.15698556799318714,-0.22145821562600285,0.011875074828085863,0.5199202971842887,3.072347368823508,43.69357793092776,0.9986919425443873,-0.05027412721828566,-0.009280738992776136,0.0008853886750204826,-0.15874512538339022
0.45,-0.27149266840337993,-0.3773476656372787,0.018438662925829404,0.9135417069719522,3.2395914398476466,48.595987753037534,0.9980628878951582,-0.0586153033911751,-0.020759940513399307,0.0019346536169535362,-0.24645325155507955
0.5,-0.3624011996501744,-0.4964813783838924,0.023671741466314067,1.1765601330350002,3.4897825102097046,53.49043809859842,0.997004184968559,-0.06898445306433217,-0.03483405733845207,0.0032231723404164115,-0.3162850998582534
0.55,-0.40715771932766276,-0.5485176415293262,0.02781486349377345,1.1558331447486965,3.9328468486601924,58.34694266494993,0.9955623524335538,-0.07994278002853697,-0.04942970197994813,0.004632375249331055,-0.37129069346281807
0.6000000000000001,-0.38623782042083965,-0.5087315681619712,0.0312779722136833,0.7065899222525137,4.676921126025338,63.145127335835895,0.994033619136477,-0.08960384047321832,-0.06190259796630202,0.006031928705603087,-0.4164968943047946
0.65,-0.29163908324265997,-0.36956780269619366,0.0341251197533887,-0.25266442350235563,5.790339168910607,67.87216760484016,0.9929144743829896,-0.09602782102939895,-0.0696158018873638,0.00729001211770477,-0.4515947837748158
0.7000000000000001,-0.1354284925989709,-0.15147026428932214,0.03661585898344603,-1.6758767071683662,7.253348525922384,72.50509233594444,0.9926490108343192,-0.09781871203396518,-0.07078238868634558,0.008324320844303937,-0.4772067850425471
0.75,0.04643400753437006,0.0934424208241118,0.03890370299801996,-3.348889639939888,8.924793161386345,77.10066677482716,0.9933140558201029,-0.09475114617420809,-0.06531460279019057,0.009132878585133038,-0.48869935668815223
0.8,0.1995556947008184,0.29068381195205706,0.041292528068479564,-4.9067854461348706,10.547547964797703,81.712228608193,0.994519290177619,-0.08817824291917536,-0.05531314781038191,0.009820113013548052,-0.4762891734724995
0.8500000000000001,0.26839199367781824,0.3681148438770256,0.04427942062457996,-5.932623936653593,11.810081801253435,86.38437750318515,0.9956630682254328,-0.08087871831854558,-0.0447406678528117,0.010581121639558226,-0.4262004067191464
0.9,0.22206132485762478,0.2905064569973374,0.04869689033157906,-6.147086858363957,12.485159719481459,91.18822281405798,0.9963002899441356,-0.07615648134693294,-0.03808223176036955,0.011647584738277948,-0.3390190713173138
0.9500000000000001,0.07741344838823054,0.08798720253648591,0.054935141279588755,-5.607661916178003,12.583294010697953,96.06218107830102,0.9962593604031024,-0.07634103012058673,-0.038285943513772666,0.013172716446862362,-0.24924640182788044
1.0,-0.0967580094180325,-0.14277583490067697,0.0622810762560641,-4.78946579383059,12.429839655678885,100.93878183952218,0.9955509184956847,-0.08139975204978755,-0.04497726638797843,0.015149077757290087,-0.19092741923668663
1.05,-0.20831006807584607,-0.28099050452518326,0.06894715429771701,-4.415830278550251,12.572831682449921,105.95786678790172,0.9944321042807612,-0.0886504489629684,-0.05426326372831261,0.017360474761737986,-0.1628747859286259
1.1,-0.19250822280143903,-0.24936356435598095,0.07450348325074968,-5.029162696862148,13.432452695844457,110.5987822146138,0.9935210053369536,-0.09408431965631357,-0.06068490348482478,0.019531903084307425,-0.1559414595201847
1.1500000000000001,-0.06039938016744063,-0.07289073111643019,0.07893429649698178,-6.6076166387866495,15.051594032907957,115.3099698215315,0.9934117053103124,-0.09484686666039593,-0.060627376034108726,0.02148434109719661,-0.15644560807879865
1.2000000000000002,0.09692253697688397,0.12441553105599121,0.08282940688580129,-8.418026264906976,16.897561758721146,119.63010152237861,0.9940316074690214,-0.09131476234857108,-0.054966617863297845,0.023269044897624765,-0.16071914440966073
1.25,0.16560011329606067,0.2016174619194079,0.08632061627934058,-9.493080058938858,18.204759751785733,124.0528999469872,0.9946989353903865,-0.08704819462006139,-0.04863928373741305,0.025116923062573057,-0.16594914204063754
1.3,0.09564076877535471,0.11049500040161578,0.08959596971954138,-9.406480498783237,18.573068551216753,128.67652841023263,0.9947980384026446,-0.08623428102637179,-0.046876583449211334,0.027259814567316625,-0.17156428872540186
1.35,-0.04244603337991331,-0.0571370562125849,0.0928068299199985,-8.71882804711906,18.432850389844575,133.69660971384556,0.9942129812353162,-0.0898869082304667,-0.050756940273620293,0.029742640871527608,-0.17741829237055254
1.4000000000000001,-0.11891763254413575,-0.14577613128713757,0.09596093769628904,-8.526533096107906,18.660275924914654,138.1143363574232,0.9933645490323267,-0.0949494735295299,-0.05624502622506527,0.03237232193107102,-0.1833446790076302
1.4500000000000002,-0.06604903506233278,-0.08127548860484449,0.09891556260991383,-9.461902769517065,19.807535065426638,142.33822687966284,0.9929458077648283,-0.09727114347768208,-0.0581268833497476,0.034902907054307306,-0.18894704657383965
1.5,0.05255604223270369,0.05533782673724347,0.1017915734434584,-10.999019391383378,21.483080884078422,146.35998190217086,0.9931647053808786,-0.09580636617629552,-0.055268658641159596,0.0372878473207166,-0.19442242696657897
1.55,0.10944154944661381,0.11596045684305897,0.10459888284382919,-11.982251944115927,22.719205821292054,150.53748320900596,0.9934826280030246,-0.09356814469141511,-0.0515776347767832,0.0397116827400071,-0.19977576486806464
1.6,0.05455909897965654,0.049013999816373485,0.10739134599762182,-11.934092780342331,23.080441746515785,155.1110058030835,0.993333559726368,-0.09408552763639312,-0.051387557827988636,0.0423753644373521,-0.2051050832430246
1.6500000000000001,-0.029756198082207343,-0.04691224513411635,0.11013635870553734,-11.587149418639434,23.145263386690782,159.04163291226322,0.9927360693372755,-0.09728144758144393,-0.054433418569734264,0.04525946902082512,-0.2103462219932884
1.7000000000000002,-0.03495664777831674,-0.05146624658378206,0.112583636616478,-11.945919145247139,23.767142137242296,162.30311377608032,0.9922207690268051,-0.09987204388428242,-0.05660620367968743,0.04815867592869876,-0.2150195841431951
1.75,0.035933446750827394,0.026405609303653068,0.11468563176773822,-12.98139596297249,24.955906922847785,164.38851515276454,0.9921485137286232,-0.09981646051181466,-0.055511574014675984,0.050955530292507614,-0.21903387668451677
1.8,0.08176469420695892,0.0739234735013149,0.11617528752767346,-13.658645878081838,25.76688790406934,165.10258262917475,0.9922229581634321,-0.09880226429013997,-0.05332798848262129,0.05373862213480401,-0.22187885427050433
1.85,0.05026064907277346,0.038130663408571575,0.1169703861710765,-13.490345134948013,25.737742218662632,165.28313414790415,0.9920007593395427,-0.09946830335436753,-0.05322503205423345,0.056636084437397455,-0.22339736930644585
1.9000000000000001,0.00019152606747704914,-0.01455054216817861,0.11724175919115172,-13.078714323238284,25.400357033848127,164.6359430302075,0.9915049079341438,-0.10170184615848116,-0.05495715470357756,0.05961931882660782,-0.2239157081619378
1.9500000000000002,0.0015639101817442672,-0.011301962328274143,0.11703150555224007,-13.094609861853021,25.393241254904876,163.46890089803114,0.9910978194391071,-0.10336236197463901,-0.05593408517006208,0.06255167900431399,-0.22351426849465356
2.0,0.05005543356807431,0.034991087864642945,0.11643333000368905,-13.388261392515242,25.61649472596021,161.49318584990706,0.9909370899099541,-0.10356203633081573,-0.055171598479974646,0.06538106142431989,-0.22245898139020767
2.0500000000000003,0.06657645265289727,0.05191698172193306,0.11557735578147894,-13.438596479373684,25.599028965961978,160.00851885380607,0.9908118407776809,-0.10350154671454527,-0.054145657329698095,0.06817311636396868,-0.22084129610447054
2.1,0.0439904901048645,0.029157148707619554,0.11473725767301866,-13.143353004660277,25.250609559015924,158.6307881405526,0.9905096846614164,-0.10441802058617672,-0.05428420831318729,0.07099764993727893,-0.21925561500685856
2.15,0.017694478878229274,0.003930705374680245,0.11386736658408038,-12.830077034296329,24.87532116845745,157.2781217007352,0.9900777367725764,-0.10604364392561251,-0.055221509866230666,0.0738336344653614,-0.21761589912615645
2.2,0.019010871721097472,0.0067675613694690995,0.11306843223203794,-12.76017440419316,24.734056152227616,155.88174119640638,0.9897000296127414,-0.10732069086471462,-0.05571826624117656,0.07662633688188844,-0.21611652604524337
2.25,0.038508375168618325,0.02683794795252651,0.11224566351909486,-12.83720385908154,24.743754600515825,154.46362146820272,0.9894454439435859,-0.10786553904965634,-0.055366444449362485,0.07935550247993609,-0.21457695717647646
2.3000000000000003,0.047360767667575014,0.03572293802677388,0.11143307372322814,-12.818935847859859,24.665549345672577,153.08568589841025,0.9892110345827816,-0.10825504350939022,-0.05485588713508295,0.0820561165365868,-0.21306151704245424
2.35,0.0360663313493237,0.025239996858909295,0.11063431501841012,-12.63885170458882,24.424694789766495,151.7677256311336,0.9888859438625877,-0.10911822470260757,-0.05489351554270807,0.0847614595208981,-0.21157693904477806
2.4000000000000004,0.020594982735971545,0.011403177905225985,0.10982835744125849,-12.432756800751825,24.152972361461597,150.47390421786545,0.9884803971638183,-0.110400045551216,-0.055390400507775224,0.08746563837723693,-0.21008456192514838
2.45,0.01797565132724418,0.010037174465761828,0.1090355591685162,-12.331414606196969,23.98669984088986,149.16854576242392,0.9880853419567477,-0.11159067633962717,-0.055762331886819436,0.09014122423633744,-0.2086257143821342
2.5,0.02695130359976549,0.019238306399872236,0.10824723052011849,-12.317348127371545,23.91355157682839,147.85457935586666,0.9877525332786293,-0.1124053923386763,-0.05570391457860476,0.09277410563006329,-0.20718519521114226
2.5500000000000003,0.03384775460097464,0.026058089369415234,0.10747525378773895,-12.283964066477974,23.824411256528386,146.56016916458094,0.9874472906222056,-0.113035048809182,-0.05544500033037851,0.09537703036861442,-0.2057857221932941
2.6,0.030236493677111145,0.02317705226660286,0.10670232336572268,-12.172768190252071,23.654310783715623,145.30224795664435,0.9871044365191604,-0.1138397368225151,-0.055385046535232955,0.09796857835378261,-0.20439411626244988
2.6500000000000004,0.023478792167533298,0.016310279927616793,0.10593246105456015,-12.031250830558355,23.462359209329186,144.06527653967416,0.9867168441085694,-0.11484430607497424,-0.05558373229724549,0.10055398360329082,-0.20302016832076603
2.7,0.03360677060348201,0.01753314927968777,0.10515421345377857,-11.95691764858459,23.40320734166007,142.81366058591806,0.9863867737495948,-0.11538542191512126,-0.05560210115094858,0.1031297402737666,-0.20164685342942884
2.75,0.047470465174295685,0.023893731030918443,0.10438030859466942,-11.923809792794408,23.372731972558256,141.56685469457486,0.9861193130621355,-0.11549721080675414,-0.0553227505218444,0.10568106725625039,-0.20029936464776465
2.8000000000000003,0.04912784447729351,0.027375478542385236,0.10361045834698378,-11.867591127930933,23.249815275324536,140.35251591625374,0.9858436146366888,-0.11568507243162064,-0.054975658178397,0.10819893023690312,-0.19897597856208504
2.85,0.03845495201974326,0.024753356326670813,0.10285090838016911,-11.764006789654305,23.035996637361574,139.17222123073944,0.9855073981298318,-0.11627188111934827,-0.054808062523781106,0.11068917821868078,-0.19768968796056816
2.9000000000000004,0.02760933677332107,0.019578637611274128,0.10209806339760936,-11.642419085538979,22.824227762190183,138.00702985647618,0.9851246712775165,-0.11711754518654792,-0.05483540674892977,0.11316333689195342,-0.1964381024676318
2.95,0.0260765090556209,0.016931636388876674,0.10134794746158858,-11.542538893689994,22.68437994407448,136.84020512868076,0.9847461243258184,-0.11786954633202905,-0.05488577413085439,0.11562608905786903,-0.1952194867675608
3.0,0.032433515381759315,0.0183272292047029,0.10061254810338109,-11.475084067694803,22.60413577179431,135.67259220420596,0.9844032343601087,-0.11834316075286591,-0.05480598823081533,0.11807401127437873,-0.19406091254974453
3.0500000000000003,0.038142139487065255,0.021186560835250126,0.09986573393256941,-11.41925506588496,22.519867502964836,134.51691147749813,0.9840830437416034,-0.11865698248559574,-0.05459966096647711,0.12049879895675483,-0.19291322454278342
3.1,0.03711290620711374,0.022211605191456988,0.09911301609577003,-11.349809002652766,22.387879753697632,133.3832566750772,0.9837500802104279,-0.11905529464174396,-0.054387226451562964,0.1228968921602603,-0.19178767147284922
3.1500000000000004,0.030698720886424197,0.020503555805124536,0.09838858544247747,-11.260522748281474,22.219075359194107,132.26960782161063,0.9833833126607484,-0.1196604598892891,-0.05427161715523367,0.1252726079029748,-0.1907540446970546
3.2,0.024887812941191086,0.017831918883955293,0.09764616792280424,-11.165480389065662,22.056967176304937,131.16709063329043,0.9829928633221328,-0.12038527929837217,-0.054248242632776854,0.1276304954047548,-0.1897295566152313
3.25,0.023868846320071583,0.01640309438435916,0.09691795933437475,-11.081208235364333,21.93090549717165,130.0688336306293,0.9826037754648982,-0.12105879190381175,-0.054234345490434835,0.12997394013471228,-0.18878457173186164
3.3000000000000003,0.026720965150682827,0.01684309595991814,0.09619165783662913,-11.011848530252998,21.83348116920252,128.9753723385769,0.9822312580748707,-0.12159392372360318,-0.054158497408962926,0.1323009090390494,-0.18790141443012645
3.35,0.02941517940219461,0.018060580286135955,0.09546778394723793,-10.94883075595795,21.736029973589552,127.89232147141935,0.9818696215730284,-0.12204390731795069,-0.05401940128099697,0.13460770856027543,-0.18708486135529323
3.4000000000000004,0.028932968299307377,0.01858192583777731,0.09474794292714966,-10.881235003516807,21.61780703226643,126.82407526334045,0.9815018166438663,-0.12252590643339241,-0.05387051865405522,0.13689248846232888,-0.1863416609209146
3.45,0.025539433876081645,0.017849694234458823,0.09402510796203234,-10.80536693910343,21.48129791051182,125.77088353430467,0.981116260185841,-0.1231098019830889,-0.05376344096721537,0.13915585891366042,-0.18566368290028507
3.5,0.021823241903639524,0.016440385448522683,0.09330563154004852,-10.725652352000203,21.344383280551085,124.72819737973943,0.9807148750782438,-0.12377276919773741,-0.05370708152546313,0.14140079490372603,-0.18507334017130103
3.5500000000000003,0.02012132457570381,0.015352033141576992,0.09258789751897482,-10.649406844339968,21.222833350252124,123.69259791805747,0.9803091127583492,-0.12443578674135615,-0.05366922860034917,0.14362935745327693,-0.1845784522703923
3.6,0.0206662648413952,0.015098944387776835,0.09186783436989845,-10.5801433807851,21.117836758863767,122.66352309233692,0.9799086195038818,-0.12504060368910339,-0.053612171666703054,0.14584128325080348,-0.18418088430308255
3.6500000000000004,0.02193367545207697,0.015464068254135849,0.09115048279370887,-10.51596844366207,21.01879027923191,121.64234496722678,0.9795145316031318,-0.12558786164171581,-0.05352171091396442,0.14803512369502334,-0.18389937090548153
3.7,0.022113762397676325,0.015800182186553866,0.090430792401597,-10.452264292365255,20.9138363727065,120.63222615572896,0.9791200659011665,-0.12612706509102226,-0.053414062606923884,0.15020918053515905,-0.18372996641901596
3.75,0.020617666394903804,0.015635406736454145,0.08971078104825349,-10.38570222797629,20.799195121541523,119.63335538783767,0.9787175171319931,-0.1267075486750527,-0.05331666903050449,0.15236322250214432,-0.18368601937722415
3.8000000000000003,0.018221839416050045,0.01497700119661674,0.08898788205226947,-10.316520183023894,20.680176027997835,118.64468440580927,0.978304375640756,-0.12734145720879375,-0.0532449514642978,0.15449814569002518,-0.18377380135581228
3.85,0.016186409051344795,0.014170510503348863,0.08826398993113144,-10.247286510696203,20.565067821199182,117.6646804183128,0.9778836753729373,-0.12800551162423718,-0.05319538382584985,0.1566153171709375,-0.18401061655045206
3.9000000000000004,0.015350387336183484,0.013626192102260582,0.08753393101243678,-10.18075483482418,20.459003426420242,116.69143749566572,0.9774615070459876,-0.12866041265255418,-0.05315002467896533,0.1587153909867807,-0.18440130433624116
3.95,0.015481992446541196,0.01347710434790051,0.08680477249714948,-10.117709726772318,20.360314301776985,115.72511567886878,0.9770417097828642,-0.12928485348016924,-0.053092785244148136,0.16079825919520152,-0.1849735472676176
4.0,0.015727437690514986,0.013557978082018455,0.08607168151065558,-10.056947866135324,20.263560627346248,114.76709616277232,0.9766236685624305,-0.1298870459694821,-0.053020940955836066,0.16286296421574514,-0.18572715988355065
4.05,0.01531747736801255,0.01358764929934428,0.08533108244686384,-9.996442192945338,20.163814649960294,113.81778049261226,0.9762037924694731,-0.13049245563930242,-0.052943641006540317,0.16490859730897361,-0.18666570978156927
4.1000000000000005,0.014083768454757336,0.013380560874227765,0.08458839129483968,-9.93502456453927,20.060212500901184,112.87764351100807,0.9757784470426228,-0.13112378228540011,-0.05287371654035785,0.1669351553911528,-0.18781144677193745
4.15,0.012442715696526017,0.012948765567017172,0.08383918452982145,-9.872873626989762,19.95543636541768,111.94610177878064,0.9753465770618975,-0.13178600178668332,-0.052818180363710075,0.16894302048260856,-0.18916777880365684
4.2,0.011012980843718993,0.012452825736472623,0.08308043676853456,-9.811062231287695,19.85319853194379,111.02179690576564,0.9749099907536377,-0.13246650294405793,-0.05277488748150034,0.1709325796266736,-0.19074364940792413
4.25,0.010159290102997789,0.012064737497957966,0.08230360298408188,-9.750722675153641,19.755631889077954,110.10406191142289,0.9744716711726643,-0.13314682908106415,-0.052735701934986064,0.17290410558756777,-0.19253270845492657
4.3,0.009811442093584737,0.011856698351130754,0.08153749140976785,-9.69228950956325,19.6623077155781,109.19321056723302,0.9740335801479454,-0.1338157966574358,-0.05269290837210836,0.17485815599050702,-0.1946116209281778
4.3500000000000005,0.009611708336905184,0.01175350669473195,0.0807749271368544,-9.635190165201118,19.571001115465602,108.28947012187234,0.9735958141520469,-0.1344746221130189,-0.05264482197599571,0.17679448348941643,-0.19697359052941057
4.4,0.009492538519982437,0.011061184503864726,0.08000092692739118,-9.575189469018866,19.481394057117004,107.39286039295226,0.9731574474107526,-0.13511878173227374,-0.0526130855089742,0.17871586556710667,-0.19959018461284633
4.45,0.00928548076900659,0.00963869793046604,0.07919218399932951,-9.511560780971578,19.392510567880134,106.50370182461126,0.9727170698387915,-0.13574792946626324,-0.0526206437986347,0.1806241111703395,-0.20240446177428398
4.5,0.008645129263022515,0.008343594290370338,0.07837410291078928,-9.449371941063065,19.30223408479999,105.62215540203357,0.9722732521895575,-0.13637971711812527,-0.05265760586186717,0.1825170468214326,-0.20547880014058265
4.55,0.00755221586637635,0.0078001300200587174,0.07759662299868146,-9.392088739006612,19.210247617945836,104.7472432028185,0.9718255497723434,-0.13703141374432853,-0.052699584437501716,0.18439155690277154,-0.20895223612013822
4.6000000000000005,0.006270456590315183,0.008066854113459376,0.07679341941724993,-9.340080818934528,19.118094066642737,103.87868315112888,0.971375089666669,-0.13770915695877364,-0.0527252274402114,0.18624358688597148,-0.21265056484196845
4.65,0.005123424657587961,0.00870528652097019,0.07597543036848232,-9.29082552380625,19.027787628322773,103.01649844070526,0.970923272232042,-0.13840634135395213,-0.052728844064917554,0.1880727335761756,-0.216594267072264
4.7,0.004276302453130761,0.00920129782669576,0.07516448549932672,-9.241319946796844,18.94029246113895,102.1603839584537,0.9704708719217354,-0.13911159967036363,-0.05271912864589253,0.18988139209368884,-0.22083758702631892
4.75,0.003717914384447369,0.00919538915859882,0.07433272092799288,-9.189558577972909,18.855539859142937,101.31032016098732,0.9700182045448885,-0.13981472807995343,-0.05271163484256557,0.19167161557117243,-0.2252858654740035
4.800000000000001,0.003284597676117742,0.00864891399180671,0.07350654054842061,-9.135357389147153,18.77264494206736,100.46661773344131,0.9695646656487219,-0.14051181228635704,-0.05272023457992901,0.19344603019789028,-0.22999636658665382
4.8500000000000005,0.00276279639765736,0.007830958607070719,0.0726660300832955,-9.080269810932535,18.690371469932654,99.62943804863319,0.9691095302675653,-0.1412066180944523,-0.05275038191460839,0.195204524944401,-0.234883327947452
4.9,0.002032697644536275,0.0071268865110733146,0.07184056868838125,-9.026337530997171,18.60789528320454,98.79825061331964,0.9686521102788019,-0.14190794925180403,-0.052795639932476914,0.19694629622232407,-0.24001921637361262
4.95,0.0011114402984372697,0.006766545229775402,0.07100391048344455,-8.974822291974943,18.525254851890526,97.97282912167142,0.9681925204843846,-0.1426227437037121,-0.05284551838636873,0.1986689393010284,-0.24529076006240585
5.0,0.00010029082158160771,0.006785865285064132,0.07017184958813875,-8.925894365370237,18.443028345471117,97.15305934627406,0.9677311345373453,-0.14335411402965906,-0.052890649065118596,0.20037122667515075,-0.25071797556223385
5.050000000000001,-0.0008689381738837022,0.007032891671122809,0.06933865523527429,-8.87876006683351,18.362021337050844,96.33906536430881,0.9672686119130471,-0.14410047207514592,-0.05292673724289298,0.20205258434464235,-0.256242626870784
5.1000000000000005,-0.0017052623305624237,0.007257773934641766,0.06851310816396643,-8.832010569062062,18.282676111156487,95.53042610703254,0.9668054160995996,-0.14485671758249594,-0.05295642413861034,0.20371410337567833,-0.26186169687494426
5.15,-0.002402613083188017,0.0072757848299799255,0.06769573261058176,-8.784658708011925,18.205031597819765,94.72709202928809,0.9663417015469632,-0.14561785404131294,-0.052986595343297076,0.20535719405379596,-0.2675376808129375
5.2,-0.003020308429018577,0.007033494330120977,0.06687741966582679,-8.73644519955276,18.128768228462018,93.92910016651518,0.9658773506334226,-0.14638124957759127,-0.053024270192784634,0.20698284971462264,-0.2731911813894234
5.25,-0.003641891044401935,0.006599850160964113,0.06607405252521757,-8.687775196860722,18.053505501699426,93.13674807871374,0.9654119595572808,-0.14714730301897674,-0.05307353570676902,0.20859199257304933,-0.2788392484825872
5.300000000000001,-0.004338503797226591,0.00612975139573501,0.06528110055495062,-8.639418226664256,17.978768169871355,92.34971639474517,0.9649451674838692,-0.1479190415785768,-0.05313425742399412,0.21018451792652054,-0.28442530648232145
5.3500000000000005,-0.005134221384016497,0.005767448021398258,0.0644989301239879,-8.592090315063182,17.904365572745093,91.56776485340511,0.9644768178603792,-0.1487002711647996,-0.053202723570727424,0.21175969250565296,-0.2899121135381252
5.4,-0.006003903616323851,0.005588443818336971,0.06373597821646153,-8.546155753689375,17.830409629023496,90.79075188322362,0.9640068985586571,-0.14949392422598531,-0.05327377415719875,0.21331706715094875,-0.2953002515606703
5.45,-0.00689465191769564,0.005572382428404087,0.06298181832856861,-8.501520822634932,17.75718747047685,90.01864624075644,0.9635356711798139,-0.1503007704709924,-0.053343715248330655,0.21485608393386618,-0.30050576057041456
5.5,-0.007755316810848702,0.005636481217270024,0.0622548387235679,-8.45777300727073,17.685023214950565,89.25154565835462,0.9630632884943631,-0.15111978156100772,-0.053411323507709836,0.21637731973691612,-0.30558166498574835
5.550000000000001,-0.008559826405424794,0.005691722907559921,0.06152745134875116,-8.414452047039616,17.613990198268468,88.48918814832999,0.9625900908007395,-0.15194909948137486,-0.05347789842735717,0.21788047787449033,-0.3103664296448952
5.6000000000000005,-0.009304730257815346,0.005650924416871319,0.060828515333858045,-8.37108719629617,17.544101476283508,87.73145009968893,0.9621159651146958,-0.15278650860418289,-0.05354641079536518,0.21936712231074038,-0.31497799037104884
5.65,-0.010016324918120198,0.0054909019415429,0.06014377688223327,-8.327575826822592,17.475214075082334,86.97829664922347,0.9616408167005605,-0.15363087646368145,-0.053620119581465675,0.22083789581625146,-0.3193237813070703
5.7,-0.01072998743840128,0.0052408539443822835,0.05948695658516004,-8.28406507188196,17.407167013428978,86.22977252639262,0.9611643517303385,-0.15448238451830273,-0.05370102459595732,0.2222936836567379,-0.3234592536575888
5.75,-0.011472893337325464,0.0049537723674549375,0.058835766046385574,-8.24086067470378,17.339849363731624,85.48600459339795,0.960686519063227,-0.1553420907159692,-0.05378958529658938,0.2237340551990077,-0.3272500617938614
5.800000000000001,-0.012262008815648404,0.004700057141249396,0.05821138050526915,-8.198239373933347,17.273103886788927,84.7466794993765,0.9602070160322709,-0.15621185414603955,-0.05388458264831132,0.22515948734058663,-0.33080645798039654
5.8500000000000005,-0.013092274449360227,0.004523044365868536,0.05760254518425659,-8.156398933072039,17.20692166258313,84.0116556171964,0.9597258072953575,-0.15709329036492617,-0.053983876217154704,0.22656966708314302,-0.3340629202836872
5.9,-0.01394480227382076,0.004431473799990203,0.05701924508826747,-8.115362753806355,17.141386696601682,83.2808400117394,0.959242845761033,-0.15798736075827577,-0.054085334842812575,0.22796476318030023,-0.3370774501109919
5.95,-0.014799418253648416,0.004404964309051848,0.05644622683760864,-8.075047947468287,17.076599974097103,82.55421331570837,0.9587582795841378,-0.15889417125342636,-0.054187878827864036,0.2293444515541804,-0.33976331534464055
6.0,-0.015636578321944088,0.004401648769252921,0.05589339195825885,-8.035284234389271,17.01271817757367,81.83192883567882,0.9582721147924287,-0.1598132407665002,-0.05429120671515824,0.2307092259975028,-0.3421831368774888
6.050000000000001,-0.016448908054278684,0.0043784153061933295,0.055358520923204826,-7.995832207299905,16.949717500079355,81.11372207586743,0.9577843493426768,-0.16074371511150873,-0.05439621718363905,0.23205958235437252,-0.34433441561020706
6.1000000000000005,-0.01724084507046064,0.004307185772510096,0.05483996117201257,-7.956551322924794,16.88755705445666,80.39948673678333,0.9572949214638058,-0.16168485885364348,-0.054504388555604764,0.23339603978059056,-0.3462182403183908
6.15,-0.018025141335640846,0.004182206276008962,0.05433785076171647,-7.917413068625276,16.82617097651627,79.68917663184307,0.9568036931291115,-0.16263637548548562,-0.05461716438650499,0.23471912478069282,-0.3478480429232924
6.2,-0.018816884901000294,0.004018777021260642,0.05384968087275743,-7.878486300812404,16.765479062694045,78.98274307706717,0.9563105147038754,-0.16359852670591124,-0.0547354540178408,0.23602913294744995,-0.3492217664131779
6.25,-0.01962815464279769,0.003844675070630738,0.05337762000200603,-7.8398947018663705,16.705422357790827,78.28015495299512,0.9558151967603733,-0.16457204643334053,-0.05485939899662113,0.23732635234293067,-0.3503683978073414
6.300000000000001,-0.020463595695324657,0.003686300837150455,0.05291792236932082,-7.801788628483042,16.646021794429423,77.58154294965189,0.9553176312821478,-0.16555781860537724,-0.05498849713354509,0.23861076514501453,-0.3512784099551697
6.3500000000000005,-0.02132225837926692,0.003562369374706913,0.05246921784563848,-7.764224666899673,16.587237757725344,76.88672714801648,0.9548177423251301,-0.16655667915078823,-0.05512193887404623,0.23988231161586096,-0.35195959179187375
6.4,-0.02219696382438184,0.0034805607750227133,0.05203413956568062,-7.727208168091445,16.529064404107466,76.19553297221006,0.9543154481795021,-0.16756935186977145,-0.05525869098392348,0.24114106815439795,-0.35244667661945217
6.45,-0.023078895778028293,0.003433931858175669,0.05160946007414796,-7.690705454887953,16.471535023962524,75.50790401082794,0.9538107330111312,-0.16859613828874076,-0.055398104996727114,0.24238704113393517,-0.3527344857688632
6.5,-0.02395950003035276,0.003405222212064591,0.05119573081149092,-7.654636547557126,16.414683931481058,74.82378296165786,0.9533035649828733,-0.1696370554238114,-0.05553992916099539,0.24362039874952007,-0.35284305884388173
6.550000000000001,-0.024834895399073156,0.003375969418411765,0.05079147838889465,-7.618919655581539,16.358525310448318,74.14312340744061,0.9527939051354671,-0.17069191704955086,-0.0556844427337955,0.24484134991476114,-0.35277825625250786
6.6000000000000005,-0.02570557559091433,0.0033315258652133377,0.05039604826131448,-7.583494823152307,16.303061333420466,73.4659065084419,0.9522816836920757,-0.17176052975280584,-0.05583223499548515,0.24605015110548142,-0.3525509331516977
6.65,-0.026575678747182998,0.003264831740683821,0.050008770878894486,-7.548364013071909,16.24832276682233,72.7922654918393,0.9517667988439605,-0.17284282308264534,-0.05598401693977408,0.24724706059815565,-0.35217080781141735
6.7,-0.027451336272940687,0.003177974855174146,0.049629363306775615,-7.513509353678812,16.194240055342462,72.12202995501343,0.9512491237007697,-0.1739389479838516,-0.05614037560900016,0.24843229512136458,-0.3516508226614804
6.75,-0.028338408396635848,0.0030792892782307716,0.04925633169545533,-7.478947736763409,16.14075657068358,71.45507227156966,0.9507285293729809,-0.17504925769912852,-0.05630166154746791,0.24960597693618558,-0.35099441979840573
6.800000000000001,-0.029240887917922814,0.0029789554962582213,0.04889092052300104,-7.444716598872309,16.087849446103593,70.79134956521064,0.9502048812285936,-0.17617421505865158,-0.05646792190749238,0.2507682265225633,-0.3502235108041383
6.8500000000000005,-0.030160308095362645,0.0028891021506198466,0.04853113710534849,-7.410852843669538,16.03549827261055,70.13081184193658,0.9496780641221837,-0.17731441107238882,-0.05663895761790837,0.2519190398345273,-0.3493362671995073
6.9,-0.031301192942836814,0.0026940817781216245,0.04817733004706319,-7.3768140682088505,15.98290857236729,69.47367863535672,0.9491464045113429,-0.17847629160595338,-0.05682047533429374,0.2530587870842703,-0.3483462385598239
6.95,-0.032734383861279984,0.0023543492908107613,0.0478288316460115,-7.342475583688573,15.929886725871185,68.8201369121822,0.9486079591430575,-0.1796671632533777,-0.057019091283343766,0.25418787053702824,-0.3472592343885244
7.0,-0.034306620048874116,0.001959124713742012,0.04748594588291843,-7.308230194077993,15.877019045674043,68.16990261930314,0.9480623172247481,-0.18088837512733186,-0.057235468231766014,0.25530636415593944,-0.3460884635795277
7.050000000000001,-0.03582723034182203,0.0016139128121985032,0.04714656450993673,-7.2745214133330585,15.824986636894927,67.52257748869906,0.9475101397694896,-0.1821372454521304,-0.05746638089524435,0.2564140673206436,-0.3448289134782466
7.1000000000000005,-0.03716320680907688,0.0013876410605917966,0.04680999425749102,-7.241646167107641,15.77426831134174,66.87795565762889,0.946952773957759,-0.1834085050715241,-0.057706342198798666,0.2575106643057122,-0.34348459144782867
7.15,-0.038254996680839405,0.0013073782478234541,0.0464823686676452,-7.209707105531123,15.725058900258256,66.23592408435988,0.946391559654906,-0.18469675374648722,-0.05794986796957829,0.25859609001640455,-0.34210888181649296
7.2,-0.039102077819258334,0.0013678290885144606,0.046151065777307015,-7.178758957023575,15.677496225438357,65.59633514876069,0.9458278206916249,-0.18599721176340403,-0.058192308159292966,0.25966984055347103,-0.34061671907118907
7.25,-0.03978458656646918,0.0015212014817996547,0.04582521673222958,-7.149400345148824,15.6330413197285,64.95812881969049,0.9452623193692732,-0.18730683532542858,-0.05843068454995842,0.26073195455106435,-0.3390836208601638
7.300000000000001,-0.04040069243937321,0.0017119203265649491,0.04550063447432782,-7.120464579655081,15.589328241451362,64.32262655510486,0.9446950866087781,-0.18862552546628436,-0.05866491693583395,0.2617824134672023,-0.33748322409236314
7.3500000000000005,-0.04104833349327083,0.0018881508102836769,0.045181470612542816,-7.0917500100317765,15.546042001793955,63.690032495144806,0.9441255863957188,-0.18995508499364183,-0.05889663396873341,0.26282147801340655,-0.33585220070301264
7.4,-0.04182559895811328,0.0020000015496106143,0.04486386995942568,-7.0630429167671815,15.502829955505238,63.06040322675338,0.9435528095183277,-0.19129919364428977,-0.059129211837851345,0.263849294993467,-0.334167625689226
7.45,-0.04278355931241011,0.0020241456441672102,0.04454929043021921,-7.034224780229697,15.459491977303118,62.43366558526001,0.9429755591502725,-0.19266205395969094,-0.05936638962377026,0.26486611635372054,-0.33244570394289447
7.5,-0.0439315475696737,0.001960056319580323,0.044235815022635155,-7.0052949683269325,15.416006554020237,61.80978213445783,0.9423926213640955,-0.1940479360636719,-0.05961185200014706,0.2658720985907513,-0.33067703786874003
7.550000000000001,-0.04523369272728511,0.0018300897281700555,0.04392427869867812,-6.9763479776772925,15.372511572046522,61.18867297830303,0.94180311746981,-0.19545979213165807,-0.059867947923631905,0.2668673573058526,-0.3288723897742902
7.6000000000000005,-0.04662745986816562,0.0016690735650200183,0.04361372958035987,-6.947528759678575,15.329228972477246,60.570225824369636,0.9412065998384068,-0.1968990195383781,-0.06013552791663394,0.26785188221783734,-0.327028823372785
7.65,-0.04803781507009992,0.00151642064295039,0.04330438365647521,-6.918997159825497,15.286413918822557,59.954311604208534,0.9406030862082081,-0.1983653354090921,-0.06041383954154002,0.2688255864226503,-0.32515179725656795
7.7,-0.04940644519225083,0.0014012563587525615,0.042995161701511214,-6.890869376397665,15.244256154115472,59.340825230854165,0.939992925098971,-0.19985731607190868,-0.06070116285692956,0.269788292563317,-0.3232367064686889
7.75,-0.05069744062627328,0.0013408183287203584,0.042690900167108504,-6.863207071861661,15.202867569506115,58.7296944919578,0.939376491305926,-0.20137326854726478,-0.06099554161269409,0.27074001957548227,-0.32132312490712994
7.800000000000001,-0.0518899330635789,0.0013438240300208135,0.04238628766295836,-6.836065062693575,15.162334660012922,58.12094910797151,0.9387543713940263,-0.20291105464670184,-0.06129465849894359,0.27168050892595846,-0.31937400892223694
7.8500000000000005,-0.05299202674251057,0.001404156427306656,0.04208320260612159,-6.80941367956292,15.122619903370946,57.51456820369917,0.9381270109035956,-0.2044689393669551,-0.061596603497397796,0.27260965258923225,-0.31740617170097674
7.9,-0.05403528568405734,0.0015044631352855472,0.041782095834660256,-6.7831544123905685,15.08357265708662,56.91045192633739,0.9374945861640464,-0.20604611957375232,-0.06190037707412585,0.27352740418426735,-0.31542552808873414
7.95,-0.0550625958099711,0.0016225998878104829,0.04147896966509524,-6.7571987283239014,15.045045899681595,56.30861522579578,0.9368570135443561,-0.20764281269445614,-0.06220596773734998,0.2744336278354836,-0.3134041322352308
8.0,-0.056114165127988974,0.0017388372565275787,0.04117671724669811,-6.731464663606696,15.006909970968481,55.70907448381882,0.9362139265634062,-0.20926006393872404,-0.06251409548509208,0.2753283443722626,-0.3113658688821453
8.05,-0.057226061042379636,0.001836351565334314,0.040878014728134265,-6.705882763663746,14.969053167260897,55.11184003782574,0.9355647317521039,-0.2108995489301338,-0.06282598190758694,0.2762117103962607,-0.30933289107099954
8.1,-0.05842256772292759,0.0019047118674333958,0.040578209859294376,-6.680415072969541,14.931401922140457,54.51690743361026,0.9349087500680129,-0.21256341502632173,-0.06314328955588938,0.27708364914349326,-0.3072717663153672
8.15,-0.0597114946444987,0.001941787080423606,0.04027977514876397,-6.655051255316879,14.89393827887088,53.92425610437419,0.9342452852732039,-0.21425365298247853,-0.06346747275023336,0.27794423726918993,-0.3052028156457947
8.200000000000001,-0.06108903737813238,0.0019512565703222657,0.039987204145894725,-6.629801048560713,14.856680727644067,53.333851427849574,0.9335736393499517,-0.2159721055154896,-0.0637997632207045,0.2787936508657875,-0.303161601968545
8.25,-0.06253894003630309,0.001942508257305472,0.039688977965093776,-6.604715741759047,14.819691215719489,52.745675014468425,0.9328933380333464,-0.21772026243589662,-0.06414114026867625,0.2796315813760653,-0.3010621702228384
8.3,-0.06403717476127117,0.0019281001167094944,0.03939101689243902,-6.57985549525208,14.783073675220681,52.15973902522117,0.9322039919011387,-0.2194990135022246,-0.0644919273674637,0.2804580037359634,-0.2989506148563366
8.35,-0.06556038774066032,0.0019197278705861461,0.03909475507015364,-6.55523974625578,14.746865962212457,51.57590667362408,0.9315053684884212,-0.22130869440388928,-0.06485196779772072,0.28127287912498744,-0.29683899540961095
8.4,-0.06708779610683122,0.0019275729975612313,0.03879990003723986,-6.530897517726962,14.711117222647395,50.99410176115376,0.9307973507779682,-0.22314930461785415,-0.06522080651668949,0.28207609971530107,-0.2947261602594429
8.450000000000001,-0.06860243123622795,0.0019594226644519958,0.038504724795812934,-6.50685457159607,14.675870143784516,50.41426926682017,0.9300799411370155,-0.22502053662191498,-0.06559767606458278,0.28286747089030456,-0.2925999583115438
8.5,-0.07009754377940992,0.0020179485817680603,0.03820975698614465,-6.483116896733746,14.641138922525112,49.83637285223779,0.9293531293480176,-0.22692203682198214,-0.06598182380476032,0.28364687395246846,-0.29046527404782846
8.55,-0.07157406486498011,0.0021026510372099422,0.037918899866340915,-6.459676219847055,14.606917230366445,49.2603895736887,0.9286168164268798,-0.22885360269175387,-0.06637265750784366,0.2844143229859526,-0.28835259370959865
8.6,-0.07303933206738251,0.0022097822089920697,0.037626106699025566,-6.4365197075834395,14.573176928286006,48.68629588226087,0.9278709551240042,-0.2308151549005412,-0.06676965967186893,0.28516954159378616,-0.2862166876690254
8.65,-0.0745050614420052,0.0023339614786363973,0.03733515636155112,-6.413622361642555,14.53988292994898,48.11408011749157,0.9271153151492336,-0.23280693902130006,-0.06717263345789246,0.2859125021288884,-0.2840869705951005
8.700000000000001,-0.07598714226514222,0.002468091875982299,0.03704462565162232,-6.390956832169591,14.50698840481417,47.543731960225884,0.9263495810735636,-0.23482955176397127,-0.06758165751052898,0.2866430791616905,-0.28195324208953704
8.75,-0.07750137689467755,0.0026053374052271896,0.036753465611002505,-6.3684972735285355,14.474449013121196,46.97524214122994,0.9255733276062449,-0.2368839231462255,-0.06799711839409306,0.28736112135926767,-0.2798080883179219
8.8,-0.07906004816763491,0.0027407017950610317,0.03646717350478685,-6.346220062472222,14.442234172894672,46.40860024405688,0.9247859880886474,-0.23897115561750273,-0.06841951041708681,0.28806671729310496,-0.27769389083467294
8.85,-0.08067365696874051,0.002870303968453873,0.036176365424249644,-6.324126111346678,14.410329097699984,45.84382468550591,0.9239870256340567,-0.2410925806033301,-0.06884958671531184,0.288759551265558,-0.2755396798462253
8.9,-0.08234750217319033,0.0029926932108826874,0.035886877375562794,-6.302218158133663,14.378744411445922,45.28094177879996,0.9231757849139601,-0.24324957077724865,-0.06928804284966567,0.2894396026518157,-0.2733903325352959
8.950000000000001,-0.08408288262497479,0.0031083068798275423,0.035598300807748444,-6.280477309205184,14.347450997933215,44.71986432230341,0.9223516283901017,-0.2454434552205022,-0.06973554122041248,0.2901067703212824,-0.271243157483979
9.0,-0.08587646826683594,0.003219629422885258,0.035313627073516395,-6.258902225059521,14.316452335159154,44.160542885586025,0.9215138609654953,-0.247675634601032,-0.0701926817359937,0.29076102129438086,-0.26912133262581306
9.05,-0.0877229297627743,0.0033297468683793777,0.035023711298061797,-6.237508605260014,14.28576185723071,43.60295067477469,0.9206619912902503,-0.24994708722662945,-0.07065989316628553,0.2914020090495668,-0.2669555137198207
9.1,-0.08961525615192602,0.0034426494124517024,0.03473723294031565,-6.216301385096894,14.255401089373462,43.04705534122023,0.9197954136233896,-0.25225880320237964,-0.07113741285953261,0.29202972755514683,-0.26481216494128673
9.15,-0.0915455725748219,0.0035624576899158625,0.034449868005903134,-6.195294590192588,14.225388743422442,42.49282269780622,0.9189136323001177,-0.25461162811556487,-0.07162538762417489,0.29264391168967113,-0.26265862189053296
9.200000000000001,-0.09350784466100225,0.0036923942605426034,0.034167250415159604,-6.174492269196542,14.195741376827462,41.940223498161984,0.9180161305997782,-0.2570062088715967,-0.07212376465290969,0.29324453129146644,-0.2605381102997476
9.25,-0.09549690633491698,0.003835121935543548,0.033880576944594565,-6.153906527592318,14.166468049416313,41.38922730106149,0.9171025040906726,-0.25944316456404787,-0.07263251987223887,0.2938311733098095,-0.25838375383902007
9.3,-0.09751083191350374,0.003992088145216252,0.03359620668384586,-6.133534870711454,14.13757462930754,40.83981187307968,0.916172267384013,-0.26192299751846787,-0.07315151549874223,0.29440376293045994,-0.25624426928088767
9.35,-0.0995490534811842,0.004164053060070264,0.03331196521379331,-6.113377883905476,14.109060518994482,40.29195149382873,0.9152249406476904,-0.2644463582237423,-0.07368064503659703,0.294962021598752,-0.2541032842366592
9.4,-0.1016135976290346,0.004350569655094164,0.033028131601022276,-6.0934309398468045,14.08092007209417,39.74562559212909,0.9142600083000675,-0.2670139126158595,-0.07421984704215377,0.2955057055249018,-0.25196311923358067
9.450000000000001,-0.10370797230508104,0.004550484027740538,0.03274475386260594,-6.073687397139341,14.053144590199615,39.20081580558945,0.9132769015673678,-0.26962640476506455,-0.07476912007553956,0.2960345952757947,-0.24982431758040152
9.5,-0.10583676880218253,0.004762546628484176,0.032464622874174724,-6.054138547532322,14.0257245751614,38.65750903105675,0.9122750068656966,-0.2722845483186682,-0.07532850228636935,0.29654856826224024,-0.24770833683467744
9.55,-0.10800622612036156,0.004984762632668534,0.03218375591374096,-6.034794157937061,13.998669245562217,38.11573506180137,0.9112536403119083,-0.2749894164282557,-0.07589819940866213,0.2970472810804125,-0.24558493970656095
9.600000000000001,-0.11022181659811961,0.005215533403901849,0.03190454555300512,-6.015643472701023,13.971965811261546,37.575475624275455,0.9102120688081313,-0.27774198745411643,-0.07647842473420924,0.2975305509544071,-0.24347252103268135
9.65,-0.11248934550611141,0.005453270236323552,0.03162667911197528,-5.996665016699666,13.945581826934564,37.036675855641384,0.9091494851287447,-0.28054344223323413,-0.07706949759462013,0.2979981262534705,-0.24136882524247416
9.700000000000001,-0.11481386431624867,0.005696689155166733,0.03134871523793613,-5.977851954191181,13.919505843166148,36.49931666177244,0.9080650190609533,-0.28339510110271166,-0.07767182670815445,0.29844970290592165,-0.2392629701648431
9.75,-0.11719898809410992,0.005945072892483175,0.03107345865966802,-5.959197627142502,13.893733343575263,35.963381509268615,0.9069577114742607,-0.28629836944926207,-0.07828583474096461,0.29888506374018714,-0.23717647089347796
9.8,-0.11964672953411049,0.006198200855197659,0.030795920594777225,-5.9407025671337745,13.868261230646812,35.42885339562107,0.9058266510398745,-0.28925456915896336,-0.07891197923861977,0.2993038122363158,-0.2350713496378956
9.850000000000001,-0.12215863868728585,0.006456349697131061,0.03052064267363469,-5.9223622231638835,13.843090503783266,34.895717676501285,0.9046708902705188,-0.2922648570079474,-0.07955059061391126,0.2997057510096339,-0.2329823637467136
9.9,-0.12473567601495697,0.0067201800326983415,0.030245760771144114,-5.9041770222673255,13.818221275236105,34.36395536265925,0.9034893979130922,-0.29533068025854803,-0.08020211267309307,0.30009051681023496,-0.2308953694332977
9.950000000000001,-0.1273776988816589,0.006990708919690025,0.02997288339084286,-5.886146132104962,13.79365696858622,33.83354704257291,0.9022811033578956,-0.29845343743424796,-0.08086691807046781,0.3004578136256805,-0.22882272462572523
10.0,-0.13008391488600257,0.007269113393496856,0.02969969268688669,-5.868271958681825,13.769401143472628,33.30447367756395,0.9010449679707249,-0.30163442510072597,-0.0815453504199342,0.30080723913110863,-0.22674680699426947
10.05,-0.13285333490859452,0.007556686496345412,0.02942909925609419,-5.850553461835633,13.745459101977822,32.776716129911215,0.8997798915018088,-0.30487492977833114,-0.08223767913531022,0.3011384867002035,-0.2246899045431052
10.100000000000001,-0.13568497622294687,0.007854666617885636,0.029157994812519294,-5.832993513267867,13.72183421740773,32.25025554301286,0.8984847946035938,-0.3081761966571924,-0.08294417528051244,0.3014511062628254,-0.22262834793724795
10.15,-0.13857794395072875,0.008164266654901706,0.028889961093187484,-5.8155900944977565,13.698531402113465,31.72507247793077,0.8971585048977856,-0.31153953281242747,-0.08366504576494452,0.30174475422405356,-0.2205895413047741
10.200000000000001,-0.14153159427710252,0.008486378587818883,0.02862077408763573,-5.798345813062343,13.675552828206326,31.201149092003305,0.8957999019715863,-0.3149661266586516,-0.08440050861258849,0.30201892131334956,-0.218541285288391
10.25,-0.14454632235869702,0.008821727563583947,0.028353735218636468,-5.781257645843532,13.65290094773134,30.678471201097732,0.8944078362231027,-0.3184570050521241,-0.08515069148061842,0.30227325084484613,-0.21650883643763466
10.3,-0.14762303178273886,0.009170967618114178,0.028087766825092834,-5.764324851323413,13.630575785996003,30.157022307301908,0.8929810615684985,-0.32201345169312273,-0.08591578803152804,0.3025072527652851,-0.2144840110962009
10.350000000000001,-0.15076298293419274,0.009534498559277465,0.027823311252957734,-5.747545056701269,13.608577285697956,29.636786853112863,0.8915182787639838,-0.32563675416821564,-0.08669597989549255,0.30272044865593933,-0.21247022858910716
10.4,-0.15396783970138928,0.009912496801406713,0.027561424555749097,-5.730914935010613,13.58690507462057,29.11775083454183,0.8900181465839838,-0.3293281616838413,-0.08749143750922692,0.3029123784788613,-0.21047559203994215
10.450000000000001,-0.15723966470797704,0.01030495690476756,0.027299220867382477,-5.714435262241506,13.565559834588734,28.599904945947316,0.8884792959543171,-0.3330889510762071,-0.08830238387816779,0.3030824645750819,-0.2084780987710899
10.5,-0.16058077516940567,0.010711789038993665,0.027037987571428036,-5.698117269183975,13.544563235065244,28.08326971548197,0.886900276555798,-0.33692043318971243,-0.08912903861994778,0.3032301693749973,-0.20648761203791555
10.55,-0.1639936930932572,0.011132825521015856,0.026780508143421446,-5.6819451017733,13.523899104047036,27.567808735883073,0.8852795068083466,-0.34082406136770244,-0.08997163024012544,0.30335500617251965,-0.2045254198478268
10.600000000000001,-0.16748058948569672,0.011567792463350775,0.02652239239812566,-5.665911162950783,13.503554935437133,27.053494468308813,0.8836154474621783,-0.34480116189858867,-0.09083045021694615,0.30345630504734006,-0.20255802241955295
10.65,-0.17104392460439133,0.012016596404987956,0.026266735301015875,-5.650010412680851,13.483530726250418,26.540317429588917,0.8819065082462123,-0.3488529076376425,-0.09170570388963356,0.3035335622626312,-0.20060908212539538
10.700000000000001,-0.17468649160944982,0.012479121113931759,0.026012512554034695,-5.634240162185849,13.463824838641798,26.028266000906356,0.8801509410645039,-0.35298080500730994,-0.09259770849843416,0.30358612718716044,-0.19867080017838284
10.75,-0.17841062888119355,0.012955304594142757,0.02576020140565728,-5.618597021916551,13.444437048622774,25.517328686816292,0.8783469239285414,-0.357186355015867,-0.09350677735190305,0.3036133587393836,-0.19674684370192766
10.8,-0.18221824031871817,0.0134451635066581,0.025509864362042323,-5.603078231536403,13.425367921275104,25.007494512736738,0.8764925948924878,-0.3614709873057882,-0.09443321589927234,0.30361459808404073,-0.1948377106728849
10.850000000000001,-0.18611095869716798,0.013948793109765493,0.025260819683484644,-5.58768177661642,13.406618336436948,24.4987524326166,0.8745860267237878,-0.36583613760371175,-0.09537734207478844,0.303589138312695,-0.19293821310594145
10.9,-0.1900901027197696,0.014466385457507645,0.025013832380960943,-5.572404928164732,13.388190128344313,23.991091372100904,0.8726252144598197,-0.3702832330690007,-0.0963394582829901,0.30353627653817933,-0.19105421151028548
10.950000000000001,-0.1941566634913471,0.014998260066624733,0.024772821244223326,-5.557243070235964,13.370086531229287,23.484500211339235,0.8706080504070837,-0.37481369286593624,-0.09731981436382754,0.30345538706499614,-0.18921565404495685
11.0,-0.19831133098106035,0.015544704090027915,0.02453072836035218,-5.542199076143532,13.352308136011304,22.978967795460683,0.8685324401565212,-0.3794288829960985,-0.09831874297265848,0.30334559156903546,-0.1873686476149691
11.05,-0.20255453066893792,0.01610607101832356,0.02428810562346715,-5.527271001932239,13.334857963164021,22.474482978706305,0.8663962102637206,-0.38413013856549194,-0.09933654427031137,0.303206026422219,-0.1855174208239778
11.100000000000001,-0.20688633797315825,0.016682827228703755,0.02404929101134089,-5.512454430109173,13.317740496782603,21.97103423207484,0.8641970509458646,-0.3889188125364201,-0.10037344219870317,0.3030359491758607,-0.18369512064943047
11.15,-0.21130650858628114,0.017275376510893926,0.023811653348999606,-5.497749633422767,13.300958597405964,21.468610001425247,0.8619326437774989,-0.39379618056820676,-0.10142969809561152,0.30283444669465237,-0.18188166159874436
11.200000000000001,-0.2158144958532678,0.017884126089064097,0.023576184799575458,-5.483154600782436,13.284516361467999,20.967199035795016,0.8596006083013942,-0.39876341005585225,-0.10250550755372259,0.3026006575168916,-0.18008463309192732
11.25,-0.22041010706399924,0.018509499528800953,0.02334405337488039,-5.4686672550287545,13.268417284713111,20.466792216759853,0.857198585919179,-0.403821396979746,-0.10360098954243596,0.30233375366524023,-0.17831296720271494
11.3,-0.2250928712763536,0.019151944632291376,0.023114289455965647,-5.454286810383558,13.25266435878992,19.967378139681053,0.8547240303861653,-0.40897130328020154,-0.1047163285839633,0.3020327722311245,-0.17655926715596362
11.350000000000001,-0.22986194017908038,0.01981184369821287,0.022887215534277264,-5.440011644701257,13.237261206911754,19.468945501055032,0.852174341409507,-0.41421418225089635,-0.10585166442655558,0.30169674874552826,-0.17482600513077223
11.4,-0.23471624628291907,0.020489498663881636,0.02266297448386326,-5.425840248339597,13.222211434941494,18.97148356147652,0.8495468963357222,-0.419550920610358,-0.10700709332334478,0.30132470512693094,-0.173114280682494
11.450000000000001,-0.23965453088418595,0.021185144058294237,0.022441007907366355,-5.411771539794338,13.207518384583926,18.474981549862306,0.84683901719727,-0.4249823229612562,-0.10818269434964757,0.30091561735155503,-0.1714198359893264
11.5,-0.24467531875599136,0.021898962583867896,0.022222061134860447,-5.397803561857842,13.19318567827354,17.979428704213916,0.8440479616876095,-0.4305090985528929,-0.10937850505281538,0.30046846268215655,-0.16974837138559054
11.55,-0.24977688968252154,0.022631056843099837,0.022006007740275495,-5.3839349027226815,13.179216622906477,17.4848142301097,0.8411709407854469,-0.43613184603684046,-0.11059453898499487,0.29998218146636735,-0.1680989276680857
11.600000000000001,-0.2549572554257641,0.02338145524739377,0.02179279569776639,-5.370164101099041,13.165614445908457,16.99112725917995,0.8382051169047235,-0.4418510473204281,-0.11183077922229641,0.29945569087114293,-0.1664711134553038
11.65,-0.26021412207285904,0.024150127954488596,0.02158343879711718,-5.356489006566102,13.152382556317898,16.498356792691787,0.8351475979173371,-0.4476670611865029,-0.11308716172796138,0.29888791523555375,-0.1648726785163915
11.700000000000001,-0.265544854766841,0.024936936846966035,0.021376359975497906,-5.342909173624171,13.139523543763001,16.006491641119013,0.8319954711169559,-0.4535801010402597,-0.11436361504921899,0.2982777087448147,-0.16329158112009756
11.75,-0.27094644924949757,0.02574168661005749,0.021172147520678603,-5.329422804396619,13.127040430484318,15.515520374469952,0.8287457786397027,-0.45959023968739776,-0.11566001973030278,0.2976239335250767,-0.16173231987059977
11.8,-0.27641544642204074,0.026564185451913674,0.020975347348131338,-5.316025562709384,13.114937163288351,15.025431206588019,0.825395491721501,-0.4656974042675327,-0.11697614737816926,0.29692556449195284,-0.1602296252177117
11.850000000000001,-0.28194792603126234,0.027404029457566825,0.02077974326509175,-5.302720137800182,13.10321460772435,14.536211941013526,0.8219416396480074,-0.4719013157612063,-0.11831184081764126,0.2961813591668603,-0.158736016294526
11.9,-0.287539494820818,0.028260752750586777,0.020584881452249043,-5.289505642357068,13.091874921763086,14.047849963201772,0.8183812291084324,-0.47820152690232837,-0.1196668964847387,0.2953900766731412,-0.15724803001319174
11.950000000000001,-0.2931851148995346,0.02913388316161467,0.02039441137528034,-5.27637858540127,13.080921156719585,13.560332005933448,0.8147112299360074,-0.4845973898329328,-0.1210409886687195,0.2945506079528021,-0.15579354810143856
12.0,-0.298879168304944,0.030022832204277487,0.02020749451305199,-5.263338451439497,13.0703548238518,13.073644163411647,0.8109286446921573,-0.49108803853119876,-0.12243377571695523,0.29366178197547455,-0.15436616841953207
12.05,-0.30461538753090184,0.030926980778726743,0.02002647197474159,-5.250386191651591,13.06018289957354,12.587775291613493,0.807030474774805,-0.49767239249561135,-0.12384482169234658,0.2927225011379169,-0.15298377794031973
12.100000000000001,-0.3103867831058992,0.03184554891281402,0.01984833526020609,-5.237530631554813,13.050416904891323,12.102717502516883,0.8030138026441788,-0.5043491033856773,-0.12527368789568,0.2917315851909337,-0.15162339741094372
12.15,-0.3161856702690446,0.03277767983936452,0.019673264525414767,-5.224763257279769,13.041045953140861,11.618446233265521,0.7988757518597968,-0.5111165844656002,-0.12671986992248568,0.2906878819997354,-0.15028640564938597
12.200000000000001,-0.32200301456102537,0.03372239609181427,0.019503137515618676,-5.212078327504409,13.032064954545957,11.134938906707013,0.7946135237043507,-0.5179729460955701,-0.12818274611297248,0.28959032901353654,-0.14898714941308078
12.25,-0.32782959190987776,0.03467863600564647,0.019336838607239507,-5.199476208158969,13.023472908491193,10.65217738416993,0.7902244326682174,-0.5249160006627787,-0.1296616683811937,0.2884378442836393,-0.14771710860274198
12.3,-0.33365626438773655,0.03564538947227155,0.019175264846438816,-5.186955988468431,13.01526784922778,10.170144286109432,0.7857058479235459,-0.531943332418119,-0.1311559199546942,0.2872294140499652,-0.14648313799988272
12.350000000000001,-0.33947166607682766,0.036621369527500475,0.019018375057255794,-5.174517309198162,13.007447399329786,9.68881795476005,0.7810553103925129,-0.5390521683724878,-0.13266469134910736,0.2859640563948909,-0.14528492503554427
12.4,-0.34526331415966427,0.03760516749926698,0.018867652951933836,-5.1621588709295905,13.000008602358415,9.208174966982904,0.7762705371321877,-0.5462393697653929,-0.13418705606088044,0.28464089320497393,-0.14413380591951003
12.450000000000001,-0.3510182919576156,0.038595237451230266,0.018720815526336743,-5.149881849342424,12.992946133154891,8.728191485667894,0.7713494471715062,-0.5535014600032375,-0.13572206245315657,0.283259043784938,-0.14301234204847202
12.5,-0.3567227288000426,0.039589904756027014,0.018577944064460936,-5.137685983381114,12.986254066367671,8.248842127954894,0.7662901579935054,-0.5608346328957728,-0.13726867501881665,0.2818177055572105,-0.14192115590503446
12.55,-0.36236166473543346,0.04058743657871779,0.018442883986635843,-5.1255685753250875,12.979926076431541,7.770099731826437,0.7610910188281964,-0.5682346965898596,-0.13882568183956592,0.2803162869193795,-0.1408896250059544
12.600000000000001,-0.3679192254007552,0.041585768318082146,0.018309929724561275,-5.113532987704782,12.97395183175658,7.291935524463474,0.7557507247562357,-0.5756970586630765,-0.14039192991592167,0.2787540935871431,-0.13987416453171875
12.65,-0.37337854334967974,0.042582821576210954,0.0181826747849853,-5.101576669084812,12.968321762454528,6.8143190152961015,0.7502682245493109,-0.5832167722379775,-0.14196606587865931,0.2771306983191794,-0.13890222738163785
12.700000000000001,-0.37872176883403946,0.04357629553535575,0.018060491802739973,-5.089699639750792,12.963023403968185,6.337217906108526,0.744642842375361,-0.5907884801594452,-0.14354668690696512,0.27544574363759894,-0.13796902212706716
12.75,-0.38393012420116385,0.044563786738960116,0.017945137016742822,-5.077900312547926,12.958042980783414,5.860598149037886,0.7388742510882328,-0.5984064588565541,-0.14513225777509617,0.2736990661852275,-0.13708796625113295
12.8,-0.38898388770783343,0.045542657213589466,0.017834899057907062,-5.066179130142406,12.953363731202717,5.384423841375076,0.7329625770163148,-0.6060645612008243,-0.14672119535361813,0.27189060150005273,-0.13624598715284097
12.850000000000001,-0.39386252197368243,0.04651012123033234,0.01772988954447606,-5.054535279069052,12.948967214372237,4.908657423923339,0.7269083620373822,-0.6137562962312073,-0.14831183225679803,0.2700204482058942,-0.13544393844048833
12.9,-0.39854359267564327,0.04746309228883879,0.017631122917394652,-5.042966890933231,12.944832702668624,4.433257523236089,0.720712877187496,-0.6214744809029349,-0.14990231260902923,0.2680890055877223,-0.13468957059861741
12.950000000000001,-0.4030056932266935,0.04839852820230765,0.01753812031531108,-5.031473019651905,12.940936522193201,3.9581840479819093,0.7143776896687655,-0.6292118621195673,-0.15149079896990428,0.2660967622858343,-0.13397922627110267
13.0,-0.40722821871098913,0.04931349529763988,0.017451350945511496,-5.020052359461848,12.937253317645236,3.4833986086258397,0.7079044324928603,-0.636961406241576,-0.15307550687085303,0.26404425881269733,-0.1333164906279811
13.05,-0.4111868682456577,0.050204464076724305,0.0173708568497287,-5.0087029834355485,12.933754769027516,3.008855764446511,0.7012958840100677,-0.6447150464802185,-0.15465440395016616,0.26193244787800934,-0.13270168553980302
13.100000000000001,-0.4148568364708382,0.051067749128281964,0.017297124450371407,-4.997422207261806,12.930409651765276,2.534508471069871,0.6945555560022832,-0.6524642717275867,-0.15622535042922867,0.259762571646906,-0.13213852759862202
13.15,-0.418214288887675,0.05189969582237333,0.01722952375803924,-4.9862078750359204,12.927183781383768,2.060310801641123,0.687687402201182,-0.660200528720024,-0.1577862285291567,0.25753602625290156,-0.1316222047085716
13.200000000000001,-0.4212352124181903,0.052696546532542785,0.017168189333863312,-4.975056983699688,12.924040454415465,1.5862159692334936,0.680696029174411,-0.6679150209495303,-0.1593348685296358,0.25525446191363976,-0.13115374538038907
13.25,-0.42389574760610227,0.0534544769152187,0.017113533751889058,-4.9639658713741985,12.920940202597327,1.1121768175265245,0.673586754923762,-0.675598698646674,-0.1608690432064233,0.2529198151905983,-0.13073630192492292
13.3,-0.4261724614398461,0.05416962594902589,0.017065714539754556,-4.952930598755292,12.917840828148885,0.6381462789073181,0.6663655847025827,-0.6832423457182598,-0.1623864982987386,0.2505342884949458,-0.130371078232439
