time,w_1,w_2,w_3,v_1,v_2,v_3,q_w,q_x,q_y,q_z
0.0,0.0,0.0,0.0,0.0,0.0,-0.24525000000000002,1.0,0.0,0.0,0.0
0.025,0.0,0.0,0.0,0.0,0.0,2.3129480542437855,1.0,0.0,0.0,0.0
0.05,0.0,0.0,0.0,0.0,0.0,4.603433526398689,1.0,0.0,0.0,0.0
0.07500000000000001,0.0,0.0,0.0,0.0,0.0,6.962365084198744,1.0,0.0,0.0,0.0
0.1,0.0,0.0,0.0,0.0,0.0,9.389710814883372,1.0,0.0,0.0,0.0
0.125,0.0,0.0,0.0,0.0,0.0,11.871967361154834,1.0,0.0,0.0,0.0
0.15,0.0,0.0,0.0,0.0,0.0,14.398616223593667,1.0,0.0,0.0,0.0
0.175,0.0,0.0,0.005943452376567983,0.0,0.0,16.966996711687056,1.0,0.0,0.0,0.0
0.19999999999999998,0.0,0.0,0.013816101238630366,0.0,0.0,19.533219779718042,0.9999999972402636,0.0,0.0,7.429315450207026e-05
0.22499999999999998,0.0,0.0,0.023736624459378495,0.0,0.0,22.085484333792042,0.9999999694968789,0.0,0.0,0.0002469944158249459
0.24999999999999997,0.0,0.0,0.03574315368511499,0.0,0.0,24.62215673642617,0.9999998521939542,0.0,0.0,0.0005437021885841104
0.27499999999999997,0.0,0.0,0.04980450466928203,0.0,0.0,27.13547548448937,0.9999995094632287,0.0,0.0,0.0009904914447485345
0.3,0.0,0.0,0.06581751905516059,0.0,0.0,29.619323038718257,0.9999986990386238,0.0,0.0,0.0016130471351383626
0.325,0.0,0.0,0.0836168866220523,0.0,0.0,32.073590433995314,0.9999970335219112,0.0,0.0,0.002435764228658737
0.35000000000000003,0.0,0.0,0.10299503271081281,0.0,0.0,34.517552509211136,0.999993941404499,0.0,0.0,0.0034809703094179183
0.37500000000000006,0.0,0.0,0.12374590815181909,0.0,0.0,36.96128669269135,0.9999886311329439,0.0,0.0,0.00476839646643928
0.4000000000000001,0.0,0.0,0.14566310272110608,0.0,0.0,39.40455133879436,0.9999800589561115,0.0,0.0,0.006315195177636637
0.4250000000000001,0.0,0.0,0.1685324721405182,0.0,0.0,41.84720120424438,0.9999669027399023,0.0,0.0,0.00813593416681605
0.4500000000000001,0.0,0.0,0.19214109048131833,0.0,0.0,44.28905499493471,0.9999475442454905,0.0,0.0,0.010242497615961887
0.47500000000000014,0.0,0.0,0.2162848528587754,0.0,0.0,46.72992244373905,0.9999200601876802,0.0,0.0,0.012644098792164495
0.5000000000000001,0.0,0.0,0.24077472314768386,0.0,0.0,49.16937933457311,0.9998822219165836,0.0,0.0,0.015347387241999614
0.5250000000000001,0.0,0.0,0.2654409827154588,0.0,0.0,51.60489471214678,0.9998315028045425,0.0,0.0,0.01835663366770475
0.5500000000000002,0.0,0.0,0.2901322329779541,0.0,0.0,54.03627794367736,0.999765091974005,0.0,0.0,0.021673967569630345
0.5750000000000002,0.0,0.0,0.31472213163750357,0.0,0.0,56.46328999394568,0.9996799138373276,0.0,0.0,0.025299602174607964
0.6000000000000002,0.0,0.0,0.3391094852411486,0.0,0.0,58.88568847064976,0.9995726495823152,0.0,0.0,0.02923214338686611
0.6250000000000002,0.0,0.0,0.36321723581756515,0.0,0.0,61.30606880610072,0.9994397594387883,0.0,0.0,0.033468899786771075
0.6500000000000002,0.0,0.0,0.38699660763345467,0.0,0.0,63.72450824495668,0.9992775041444827,0.0,0.0,0.03800617990239405
0.6750000000000003,0.0,0.0,0.4104180810107278,0.0,0.0,66.14080625006189,0.9990819611727462,0.0,0.0,0.04283964121254463
0.7000000000000003,0.0,0.0,0.43346774737392885,0.0,0.0,68.5547861941097,0.9988490397542296,0.0,0.0,0.04796452628822524
0.7250000000000003,0.0,0.0,0.45614434848160385,0.0,0.0,70.9726314124999,0.9985744931063727,0.0,0.0,0.05337585331730902
0.7500000000000003,0.0,0.0,0.478471283135631,0.0,0.0,73.3957995076114,0.998253927661755,0.0,0.0,0.05906856954319876
0.7750000000000004,0.0,0.0,0.5004797983325697,0.0,0.0,75.8241453800587,0.9978827974815558,0.0,0.0,0.06503785428797822
0.8000000000000004,0.0,0.0,0.5222023091906718,0.0,0.0,78.25741241583466,0.9974564020428662,0.0,0.0,0.0712792117219312
0.8250000000000004,0.0,0.0,0.5436706399179436,0.0,0.0,80.68940974250711,0.9969698853951093,0.0,0.0,0.07778847996498105
0.8500000000000004,0.0,0.0,0.5648997033360964,0.0,0.0,83.11943406788015,0.9964182349495556,0.0,0.0,0.08456181797958351
0.8750000000000004,0.0,0.0,0.5859046547451296,0.0,0.0,85.54729149502718,0.9957962976366056,0.0,0.0,0.09159548904410655
0.9000000000000005,0.0,0.0,0.606701464436838,0.0,0.0,87.97278819704512,0.9950987825651549,0.0,0.0,0.09888585812615627
0.9250000000000005,0.0,0.0,0.6273060358773571,0.0,0.0,90.38674081680041,0.9943202620996212,0.0,0.0,0.10642939621242177
0.9500000000000005,0.0,0.0,0.6477082618554896,0.0,0.0,92.78821559260449,0.9934551730525799,0.0,0.0,0.11422267347190027
0.9750000000000005,0.0,0.0,0.6679020316785907,0.0,0.0,95.17697816366172,0.9924978568875021,0.0,0.0,0.12226203038439806
1.0000000000000004,0.0,0.0,0.6878859618638352,0.0,0.0,97.55280378989704,0.9914425664684713,0.0,0.0,0.1305436225727278
1.0250000000000004,0.0,0.0,0.7076618176608629,0.0,0.0,100.02170262278227,0.9902834695341552,0.0,0.0,0.1390634745984573
1.0500000000000003,0.0,0.0,0.7275587186216613,0.0,0.0,102.43238504884984,0.9890146523425516,0.0,0.0,0.14781751402233032
1.0750000000000002,0.0,0.0,0.7473288635151842,0.0,0.0,104.8205288884046,0.9876294859343193,0.0,0.0,0.1568056074032819
1.1,0.0,0.0,0.7669218714851851,0.0,0.0,107.20100235524862,0.9861216426244301,0.0,0.0,0.16602441370983864
1.125,0.0,0.0,0.7863553141988314,0.0,0.0,109.63049794720585,0.9844848089565444,0.0,0.0,0.17546982912682194
1.15,0.0,0.0,0.8058309897667406,0.0,0.0,112.07175594312888,0.9827125658740665,0.0,0.0,0.18513782129324213
1.1749999999999998,0.0,0.0,0.8253532399688943,0.0,0.0,114.4732864982963,0.9807979373339495,0.0,0.0,0.19502668053748418
1.1999999999999997,0.0,0.0,0.8447479380222177,0.0,0.0,116.83593827900685,0.9787337773389526,0.0,0.0,0.20513457313633346
1.2249999999999996,0.0,0.0,0.8639117514378919,0.0,0.0,119.18015211787689,0.9765132507170228,0.0,0.0,0.2154573534926877
1.2499999999999996,0.0,0.0,0.8828569944752903,0.0,0.0,121.5108347400993,0.9741297509853442,0.0,0.0,0.22598944277384192
1.2749999999999995,0.0,0.0,0.9016108737203262,0.0,0.0,123.82757246370439,0.9715766356066478,0.0,0.0,0.2367252439924123
1.2999999999999994,0.0,0.0,0.9201895995988016,0.0,0.0,126.13682899087848,0.9688471823552189,0.0,0.0,0.24765931688986215
1.3249999999999993,0.0,0.0,0.9386284063217675,0.0,0.0,128.51370262215693,0.9659346166173013,0.0,0.0,0.2587862369222659
1.3499999999999992,0.0,0.0,0.9572360309745509,0.0,0.0,130.8848869482231,0.9628320458076864,0.0,0.0,0.270100817410435
1.3749999999999991,0.0,0.0,0.9759003825716046,0.0,0.0,133.19045387917558,0.9595314813137896,0.0,0.0,0.2816013784905265
1.399999999999999,0.0,0.0,0.9943228254947308,0.0,0.0,135.4306662443141,0.9560251649274786,0.0,0.0,0.2932846467604251
1.424999999999999,0.0,0.0,1.0123446423742597,0.0,0.0,137.65658334395602,0.9523063659537494,0.0,0.0,0.30514354878313166
1.4499999999999988,0.0,0.0,1.030092045767755,0.0,0.0,139.86813468848592,0.948369056648357,0.0,0.0,0.31716893352266606
1.4749999999999988,0.0,0.0,1.0476319184778697,0.0,0.0,142.06519958920197,0.9442068724386491,0.0,0.0,0.32935297484556675
1.4999999999999987,0.0,0.0,1.064999092094695,0.0,0.0,144.24751277827852,0.9398132832389868,0.0,0.0,0.3416884438308616
1.5249999999999986,0.0,0.0,1.0822108812297002,0.0,0.0,146.43312574272463,0.935181695828601,0.0,0.0,0.35416831561722495
1.5499999999999985,0.0,0.0,1.0993545484029579,0.0,0.0,148.6221045900901,0.930305518130885,0.0,0.0,0.36678555442550553
1.5749999999999984,0.0,0.0,1.1164731804910473,0.0,0.0,150.84857647168687,0.9251778245503487,0.0,0.0,0.3795339154282317
1.5999999999999983,0.0,0.0,1.1337391188036043,0.0,0.0,153.08922033476873,0.9197915131677742,0.0,0.0,0.39240740602661445
1.6249999999999982,0.0,0.0,1.1511279140713633,0.0,0.0,155.2534850450757,0.9141386254708057,0.0,0.0,0.4054017432403884
1.6499999999999981,0.0,0.0,1.1682151723407481,0.0,0.0,157.26151189249111,0.9082112437199226,0.0,0.0,0.41851205093845445
1.674999999999998,0.0,0.0,1.1844434245905882,0.0,0.0,159.15303815454345,0.9020036762739747,0.0,0.0,0.4317283497620171
1.699999999999998,0.0,0.0,1.1997578503878734,0.0,0.0,160.9366028501773,0.8955135589676604,0.0,0.0,0.4450342298128031
1.7249999999999979,0.0,0.0,1.2141789204923672,0.0,0.0,162.55480426600397,0.8887394553588641,0.0,0.0,0.458412674877593
1.7499999999999978,0.0,0.0,1.227446295586275,0.0,0.0,163.90309914569008,0.8816804767307903,0.0,0.0,0.47184694229354335
1.7749999999999977,0.0,0.0,1.2389590650187252,0.0,0.0,164.95380717395426,0.874337984038982,0.0,0.0,0.48531751427972303
1.7999999999999976,0.0,0.0,1.2483531733110254,0.0,0.0,165.7046341114007,0.8667179438333262,0.0,0.0,0.49879856238498865
1.8249999999999975,0.0,0.0,1.2554868806779975,0.0,0.0,166.23452287573315,0.858829929014511,0.0,0.0,0.5122608251944802
1.8499999999999974,0.0,0.0,1.2606968962918264,0.0,0.0,166.5448093475489,0.8506859689989249,0.0,0.0,0.5256742167429939
1.8749999999999973,0.0,0.0,1.2641261195702864,0.0,0.0,166.63568377858616,0.8422974405216397,0.0,0.0,0.5390130069772852
1.8999999999999972,0.0,0.0,1.265836543484355,0.0,0.0,166.50498392374087,0.8336761115374247,0.0,0.0,0.5522536926556848
1.9249999999999972,0.0,0.0,1.2658478284486911,0.0,0.0,166.2308778024485,0.824834576430562,0.0,0.0,0.5653741429572237
1.949999999999997,0.0,0.0,1.2645457668165583,0.0,0.0,165.81494505370082,0.8157864880277881,0.0,0.0,0.5783531844394803
1.974999999999997,0.0,0.0,1.2620839269665298,0.0,0.0,165.087233151224,0.8065438086785268,0.0,0.0,0.5911743268126043
1.999999999999997,0.0,0.0,1.2577213828024436,0.0,0.0,164.36374671645098,0.7971182247744953,0.0,0.0,0.6038232653122577
2.024999999999997,0.0,0.0,1.252672779533111,0.0,0.0,163.64444279062386,0.7875278877843145,0.0,0.0,0.6162790163245673
2.0499999999999967,0.0,0.0,1.2473871542539314,0.0,0.0,162.92927898356535,0.7777825936518529,0.0,0.0,0.62853340166788
2.0749999999999966,0.0,0.0,1.2420316050022484,0.0,0.0,162.21821346423533,0.7678889482007044,0.0,0.0,0.6405829869979499
2.0999999999999965,0.0,0.0,1.236668643003872,0.0,0.0,161.51120495147484,0.7578523141983234,0.0,0.0,0.6524261413096852
2.1249999999999964,0.0,0.0,1.231321702648853,0.0,0.0,160.8082127049332,0.7476775498238845,0.0,0.0,0.6640619560623487
2.1499999999999964,0.0,0.0,1.2259995150478724,0.0,0.0,160.10919651617408,0.7373692902689969,0.0,0.0,0.6754898443116637
2.1749999999999963,0.0,0.0,1.2207052413780526,0.0,0.0,159.4141166999563,0.7269320555374292,0.0,0.0,0.6867093902315068
2.199999999999996,0.0,0.0,1.2154399195471322,0.0,0.0,158.72293408568544,0.7163702917244892,0.0,0.0,0.6977202914740052
2.224999999999996,0.0,0.0,1.2102037739258245,0.0,0.0,158.03561000903227,0.7056883866935494,0.0,0.0,0.7085223361940366
2.249999999999996,0.0,0.0,1.2049967164549027,0.0,0.0,157.35210630371444,0.6948906758537063,0.0,0.0,0.7191153931126626
2.274999999999996,0.0,0.0,1.1998185396531078,0.0,0.0,156.67238529343743,0.6839814441027989,0.0,0.0,0.729499406526866
2.299999999999996,0.0,0.0,1.194668991434647,0.0,0.0,155.99640978399142,0.6729649262915356,0.0,0.0,0.739674393217332
2.3249999999999957,0.0,0.0,1.1895478042827001,0.0,0.0,155.32414305550043,0.6618453071289739,0.0,0.0,0.7496404400986876
2.3499999999999956,0.0,0.0,1.1844547066788622,0.0,0.0,154.6555488548203,0.6506267208905591,0.0,0.0,0.7593977021713975
2.3749999999999956,0.0,0.0,1.1793894275896861,0.0,0.0,153.99059138808224,0.6393132510708843,0.0,0.0,0.7689464006061648
2.3999999999999955,0.0,0.0,1.1743516982193665,0.0,0.0,153.3292353133788,0.6279089300370262,0.0,0.0,0.7782868208955854
2.4249999999999954,0.0,0.0,1.1693412526794014,0.0,0.0,152.67144573358885,0.6164177387040836,0.0,0.0,0.7874193110477695
2.4499999999999953,0.0,0.0,1.1643578282268605,0.0,0.0,152.01718818933878,0.6048436062409239,0.0,0.0,0.7963442798121138
2.474999999999995,0.0,0.0,1.1594011653300937,0.0,0.0,151.36642865209654,0.5931904098086835,0.0,0.0,0.805062194933414
2.499999999999995,0.0,0.0,1.1544710076653313,0.0,0.0,150.71913351739607,0.581461974332384,0.0,0.0,0.8135735814328573
2.524999999999995,0.0,0.0,1.149567102085772,0.0,0.0,150.07526959818892,0.5696620723051565,0.0,0.0,0.8218790199153369
2.549999999999995,0.0,0.0,1.144689198579976,0.0,0.0,149.43480411832027,0.5577944236242195,0.0,0.0,0.8299791449028855
2.574999999999995,0.0,0.0,1.1398370502264006,0.0,0.0,148.79770470612684,0.5458626954576349,0.0,0.0,0.8378746431941508
2.5999999999999948,0.0,0.0,1.1350104131468641,0.0,0.0,148.16393938815398,0.5338705021408281,0.0,0.0,0.8455662522498754
2.6249999999999947,0.0,0.0,1.1302090464600776,0.0,0.0,147.53347658298915,0.5218214051018546,0.0,0.0,0.8530547586043501
2.6499999999999946,0.0,0.0,1.1254327122357017,0.0,0.0,146.90628509520968,0.5097189128144097,0.0,0.0,0.860340996302801
2.6749999999999945,0.0,0.0,1.1206811754491117,0.0,0.0,146.28233410944185,0.4975664807775986,0.0,0.0,0.8674258453646603
2.6999999999999944,0.0,0.0,1.1159542039369357,0.0,0.0,145.6615931845293,0.48536751152150254,0.0,0.0,0.8743102302726556
2.7249999999999943,0.0,0.0,1.1112515683533817,0.0,0.0,145.04403224780836,0.47312535463760036,0.0,0.0,0.8809951184876367
2.7499999999999942,0.0,0.0,1.106573042127356,0.0,0.0,144.4296215894878,0.4608433068331269,0.0,0.0,0.8874815189890484
2.774999999999994,0.0,0.0,1.1019184014203551,0.0,0.0,143.81833185713103,0.44852461200847105,0.0,0.0,0.893770480840943
2.799999999999994,0.0,0.0,1.0972874250851246,0.0,0.0,143.2101340502384,0.43617246135673915,0.0,0.0,0.8998630917834134
2.824999999999994,0.0,0.0,1.0926798946250629,0.0,0.0,142.60499951492764,0.4237899934846294,0.0,0.0,0.9057604768493146
2.849999999999994,0.0,0.0,1.0880955941543622,0.0,0.0,142.00289993871024,0.4113802945537857,0.0,0.0,0.9114637970061348
2.874999999999994,0.0,0.0,1.083534310358865,0.0,0.0,141.40380734536186,0.3989463984418193,0.0,0.0,0.9169742478228607
2.8999999999999937,0.0,0.0,1.0789958324576243,0.0,0.0,140.80769408988462,0.3864912869222061,0.0,0.0,0.9222930581616762
2.9249999999999936,0.0,0.0,1.0744799521651534,0.0,0.0,140.21453285355963,0.374017889862291,0.0,0.0,0.927421488894321
2.9499999999999935,0.0,0.0,1.069986463654348,0.0,0.0,139.62429663908765,0.3615290854386459,0.0,0.0,0.93236083164293
2.9749999999999934,0.0,0.0,1.0655151635200704,0.0,0.0,139.0369587658161,0.3490277003690508,0.0,0.0,0.9371124075451632
2.9999999999999933,0.0,0.0,1.0610658507433794,0.0,0.0,138.45249286505077,0.3365165101603853,0.0,0.0,0.9416775660434283
3.0249999999999932,0.0,0.0,1.0566383266563937,0.0,0.0,137.87087287545012,0.32399823937173716,0.0,0.0,0.9460576836979945
3.049999999999993,0.0,0.0,1.0522323949077752,0.0,0.0,137.29207303850112,0.3114755618920517,0.0,0.0,0.9502541630237832
3.074999999999993,0.0,0.0,1.0478478614288211,0.0,0.0,136.71606789407414,0.2989511012316655,0.0,0.0,0.9542684313506208
3.099999999999993,0.0,0.0,1.04348453440015,0.0,0.0,136.14283227605603,0.28642743082708444,0.0,0.0,0.9581019397067286
3.124999999999993,0.0,0.0,1.0391422242189705,0.0,0.0,135.57234130805915,0.2739070743583842,0.0,0.0,0.9617561617252216
3.149999999999993,0.0,0.0,1.0348207434669234,0.0,0.0,135.0045703992054,0.2613925060786285,0.0,0.0,0.9652325925733829
3.1749999999999927,0.0,0.0,1.0305199068784805,0.0,0.0,134.43949523998316,0.2488861511547165,0.0,0.0,0.9685327479044741
3.1999999999999926,0.0,0.0,1.0262395313098946,0.0,0.0,133.87709179817628,0.23639038601908685,0.0,0.0,0.9716581628318405
3.2249999999999925,0.0,0.0,1.0219794357086847,0.0,0.0,133.3173363148629,0.22390753873172403,0.0,0.0,0.9746103909250617
3.2499999999999925,0.0,0.0,1.0177394410836482,0.0,0.0,132.76020530048353,0.21143988935192626,0.0,0.0,0.9773910032279024
3.2749999999999924,0.0,0.0,1.0135193704753904,0.0,0.0,132.20567553097638,0.19898967031930984,0.0,0.0,0.9800015872978024
3.2999999999999923,0.0,0.0,1.0093190489273578,0.0,0.0,131.6537240439788,0.18655906684354198,0.0,0.0,0.9824437462666588
3.324999999999992,0.0,0.0,1.0051383034573687,0.0,0.0,131.10432813509365,0.17415021730230576,0.0,0.0,0.9847190979226306
3.349999999999992,0.0,0.0,1.0009769630296275,0.0,0.0,130.55746535421915,0.16176521364701896,0.0,0.0,0.986829273812717
3.374999999999992,0.0,0.0,0.9968348585272184,0.0,0.0,130.0131135019408,0.14940610181583916,0.0,0.0,0.9887759183658323
3.399999999999992,0.0,0.0,0.9927118227250628,0.0,0.0,129.4712506259847,0.1370748821535046,0.0,0.0,0.9905606880361257
3.424999999999992,0.0,0.0,0.9886076902633358,0.0,0.0,128.9318550177303,0.12477350983757145,0.0,0.0,0.9921852504662693
3.4499999999999917,0.0,0.0,0.9845222976213319,0.0,0.0,128.39490520878198,0.11250389531062256,0.0,0.0,0.9936512836704519
3.4749999999999917,0.0,0.0,0.9804554830917689,0.0,0.0,127.86037996759819,0.10026790471803604,0.0,0.0,0.994960475236808
3.4999999999999916,0.0,0.0,0.9764070867555241,0.0,0.0,127.32825829617688,0.08806736035091398,0.0,0.0,0.9961145215490146
3.5249999999999915,0.0,0.0,0.9723769504567951,0.0,0.0,126.79851942679616,0.07590404109378422,0.0,0.0,0.9971151270267808
3.5499999999999914,0.0,0.0,0.9683649177786714,0.0,0.0,126.27114281880924,0.06377968287670091,0.0,0.0,0.9979640033849655
3.5749999999999913,0.0,0.0,0.964370834019117,0.0,0.0,125.7461081554925,0.051695979131380555,0.0,0.0,0.9986628689110494
3.599999999999991,0.0,0.0,0.9603945461673489,0.0,0.0,125.22339534094563,0.0396545812510224,0.0,0.0,0.9992134477606905
3.624999999999991,0.0,0.0,0.9564359028806085,0.0,0.0,124.702984497043,0.027657099053473275,0.0,0.0,0.999617469271094
3.649999999999991,0.0,0.0,0.952494754461316,0.0,0.0,124.18485596043504,0.015705101247408045,0.0,0.0,0.9998766672919258
3.674999999999991,0.0,0.0,0.9485709528346012,0.0,0.0,123.66899027959884,0.0038001159012075176,0.0,0.0,0.9999927795335012
3.699999999999991,0.0,0.0,0.9446643515262041,0.0,0.0,123.15536821193703,-0.008056369085773537,0.0,0.0,0.9999675469319761
3.7249999999999908,0.0,0.0,0.9407748056407375,0.0,0.0,122.64397072092387,-0.019862905509845468,0.0,0.0,0.9998027130312793
3.7499999999999907,0.0,0.0,0.9369021718403047,0.0,0.0,122.1347789732979,-0.031618084387817054,0.0,0.0,0.9995000233815128
3.7749999999999906,0.0,0.0,0.933046308323466,0.0,0.0,121.62777433629994,-0.04332053548030026,0.0,0.0,0.9990612249535561
3.7999999999999905,0.0,0.0,0.9292070748045483,0.0,0.0,121.12293837495592,-0.05496892681375416,0.0,0.0,0.9984880655696111
3.8249999999999904,0.0,0.0,0.9253843324932884,0.0,0.0,120.62025284940349,-0.06656196420152644,0.0,0.0,0.9977822933494235
3.8499999999999903,0.0,0.0,0.9215779440748078,0.0,0.0,120.11969971226154,-0.07809839076414149,0.0,0.0,0.9969456561719158
3.8749999999999902,0.0,0.0,0.917787773689909,0.0,0.0,119.62126110604208,-0.08957698644907576,0.0,0.0,0.9959799011519771
3.89999999999999,0.0,0.0,0.9140136869156912,0.0,0.0,119.12491936060344,-0.10099656755025183,0.0,0.0,0.9948867741321458
3.92499999999999,0.0,0.0,0.9102555507464749,0.0,0.0,118.63065699064407,-0.11235598622747434,0.0,0.0,0.99366801918893
3.94999999999999,0.0,0.0,0.906513233575034,0.0,0.0,118.13845669323626,-0.12365413002602291,0.0,0.0,0.9923253781535104
3.97499999999999,0.0,0.0,0.9027866051741268,0.0,0.0,117.64830134539905,-0.13488992139660907,0.0,0.0,0.9908605901465739
3.99999999999999,0.0,0.0,0.8990755366783222,0.0,0.0,117.16017400170946,-0.14606231721589624,0.0,0.0,0.9892753911270225
4.02499999999999,0.0,0.0,0.8953799005661145,0.0,0.0,116.67405789195149,-0.157170308307774,0.0,0.0,0.9875715134543114
4.04999999999999,0.0,0.0,0.8916995706423221,0.0,0.0,116.18993641880208,-0.16821291896557158,0.0,0.0,0.9857506854641704
4.07499999999999,0.0,0.0,0.888034422020765,0.0,0.0,115.70779315555345,-0.1791892064753862,0.0,0.0,0.9838146310574576
4.099999999999991,0.0,0.0,0.8843843311072154,0.0,0.0,115.22761184387107,-0.19009826064069743,0.0,0.0,0.9817650693019085
4.124999999999991,0.0,0.0,0.8807491755826174,0.0,0.0,114.74937639158668,-0.20093920330842954,0.0,0.0,0.9796037140465391
4.1499999999999915,0.0,0.0,0.8771288343865703,0.0,0.0,114.2730708705256,-0.2117111878966188,0.0,0.0,0.9773322735484603
4.174999999999992,0.0,0.0,0.8735231877010701,0.0,0.0,113.79867951436792,-0.2224133989238351,0.0,0.0,0.9749524501118743
4.199999999999992,0.0,0.0,0.8699321169345067,0.0,0.0,113.32618671654271,-0.2330450515405021,0.0,0.0,0.9724659397390145
4.2249999999999925,0.0,0.0,0.8663555047059103,0.0,0.0,112.85557702815481,-0.24360539106225218,0.0,0.0,0.9698744317928002
4.249999999999993,0.0,0.0,0.862793234829442,0.0,0.0,112.38683515594361,-0.2540936925054493,0.0,0.0,0.9671796086709781
4.274999999999993,0.0,0.0,0.8592451922991275,0.0,0.0,111.91994596027315,-0.26450926012500336,0.0,0.0,0.9643831454915227
4.299999999999994,0.0,0.0,0.8557112632738254,0.0,0.0,111.45489445315305,-0.274851426954598,0.0,0.0,0.9614867097890751
4.324999999999994,0.0,0.0,0.8521913350624293,0.0,0.0,110.9916657962897,-0.2851195543494452,0.0,0.0,0.9584919612221972
4.349999999999994,0.0,0.0,0.8486852961092978,0.0,0.0,110.5302452991672,-0.2953130315316756,0.0,0.0,0.9554005512912224
4.374999999999995,0.0,0.0,0.8451930359799086,0.0,0.0,110.07061841715749,-0.3054312751384699,0.0,0.0,0.952214123066492
4.399999999999995,0.0,0.0,0.8417144453467338,0.0,0.0,109.61277074965905,-0.31547372877302904,0.0,0.0,0.9489343109267581
4.424999999999995,0.0,0.0,0.8382494159753309,0.0,0.0,109.15668803826392,-0.32543986255847757,0.0,0.0,0.9455627403075478
4.449999999999996,0.0,0.0,0.8347978407106466,0.0,0.0,108.7023561649523,-0.3353291726947896,0.0,0.0,0.9421010274592783
4.474999999999996,0.0,0.0,0.8313596134635309,0.0,0.0,108.24976115031433,-0.3451411810188229,0.0,0.0,0.9385507792149193
4.4999999999999964,0.0,0.0,0.8279346291974552,0.0,0.0,107.79888915179858,-0.3548754345675393,0.0,0.0,0.9349135927670003
4.524999999999997,0.0,0.0,0.824522783915433,0.0,0.0,107.3497264619868,-0.36453150514448956,0.0,0.0,0.9311910554537629
4.549999999999997,0.0,0.0,0.821123974647139,0.0,0.0,106.90225950689444,-0.37410898888963395,0.0,0.0,0.9273847445542631
4.5749999999999975,0.0,0.0,0.8177380994362232,0.0,0.0,106.45647484429638,-0.383607505852564,0.0,0.0,0.9234962270922253
4.599999999999998,0.0,0.0,0.8143650573278164,0.0,0.0,106.01235916207774,-0.39302669956919273,0.0,0.0,0.9195270596484628
4.624999999999998,0.0,0.0,0.8110047483562246,0.0,0.0,105.569899276609,-0.40236623664196997,0.0,0.0,0.9154787881816696
4.649999999999999,0.0,0.0,0.8076570735328082,0.0,0.0,105.12908213114514,-0.4116258063236811,0.0,0.0,0.9113529478574036
4.674999999999999,0.0,0.0,0.8043219348340439,0.0,0.0,104.68989479424853,-0.42080512010488025,0.0,0.0,0.907151062885073
4.699999999999999,0.0,0.0,0.8009992351897641,0.0,0.0,104.25232445823485,-0.42990391130500744,0.0,0.0,0.9028746463627475
4.725,0.0,0.0,0.7976888784715747,0.0,0.0,103.81635843764191,-0.4389219346672364,0.0,0.0,0.8985252001296182
4.75,0.0,0.0,0.794390769481443,0.0,0.0,103.38198416772086,-0.4478589659570928,0.0,0.0,0.8941042146259258
4.775,0.0,0.0,0.7911048139404586,0.0,0.0,102.94918920294948,-0.4567148015648854,0.0,0.0,0.8896131687601907
4.800000000000001,0.0,0.0,0.7878309184777595,0.0,0.0,102.51796121556704,-0.4654892581119832,0.0,0.0,0.8850535297835694
4.825000000000001,0.0,0.0,0.7845689906196236,0.0,0.0,102.08828799413048,-0.4741821720609739,0.0,0.0,0.880426753171175
4.850000000000001,0.0,0.0,0.7813189387787217,0.0,0.0,101.66015744209155,-0.4827933993297322,0.0,0.0,0.8757342825101924
4.875000000000002,0.0,0.0,0.7780806722435298,0.0,0.0,101.23355757639443,-0.4913228149094278,0.0,0.0,0.8709775493946305
4.900000000000002,0.0,0.0,0.7748541011678979,0.0,0.0,100.8084765260937,-0.49977031248649434,0.0,0.0,0.8661579733265473
4.9250000000000025,0.0,0.0,0.7716391365607725,0.0,0.0,100.38490253099202,-0.508135804068585,0.0,0.0,0.8612769616235957
4.950000000000003,0.0,0.0,0.7684356902760708,0.0,0.0,99.96282394029754,-0.5164192196145327,0.0,0.0,0.8563359093327318
4.975000000000003,0.0,0.0,0.7652436750027034,0.0,0.0,99.54222921130037,-0.5246205066683325,0.0,0.0,0.8513361991499375
5.0000000000000036,0.0,0.0,0.7620630042547438,0.0,0.0,99.12310690806802,-0.5327396299971597,0.0,0.0,0.8462792013458026
5.025000000000004,0.0,0.0,0.7588935923617423,0.0,0.0,98.70544570015942,-0.5407765712334397,0.0,0.0,0.8411662736968264
5.050000000000004,0.0,0.0,0.7557353544591809,0.0,0.0,98.28923436135716,-0.548731328520977,0.0,0.0,0.8359987614222903
5.075000000000005,0.0,0.0,0.7525882064790694,0.0,0.0,97.87446176841779,-0.5566039161651517,0.0,0.0,0.830777997126559
5.100000000000005,0.0,0.0,0.7494520651406766,0.0,0.0,97.46111689983962,-0.5643943642871929,0.0,0.0,0.8255053007466733
5.125000000000005,0.0,0.0,0.7463268479413981,0.0,0.0,97.04918883464812,-0.5721027184825297,0.0,0.0,0.8201819795050969
5.150000000000006,0.0,0.0,0.7432124731477572,0.0,0.0,96.63866675119816,-0.5797290394832249,0.0,0.0,0.814809327867482
5.175000000000006,0.0,0.0,0.7401088597865354,0.0,0.0,96.22953992599327,-0.5872734028244895,0.0,0.0,0.8093886275053195
5.200000000000006,0.0,0.0,0.7370159276360335,0.0,0.0,95.82179773252126,-0.5947358985152814,0.0,0.0,0.8039211472633501
5.225000000000007,0.0,0.0,0.733933597217458,0.0,0.0,95.41542964010624,-0.6021166307129794,0.0,0.0,0.7984081431316002
5.250000000000007,0.0,0.0,0.7308617897864328,0.0,0.0,95.01042521277652,-0.6094157174021333,0.0,0.0,0.7928508582219251
5.2750000000000075,0.0,0.0,0.7278004273246341,0.0,0.0,94.6067741081483,-0.6166332900772823,0.0,0.0,0.7872505227489316
5.300000000000008,0.0,0.0,0.7247494325315463,0.0,0.0,94.20446607632478,-0.6237694934298332,0.0,0.0,0.7816083540151612
5.325000000000008,0.0,0.0,0.7217087288163363,0.0,0.0,93.80349095881057,-0.6308244850389908,0.0,0.0,0.7759255564004139
5.3500000000000085,0.0,0.0,0.7186782402898455,0.0,0.0,93.40383868744102,-0.6377984350667308,0.0,0.0,0.7702033213551011
5.375000000000009,0.0,0.0,0.715657891756698,0.0,0.0,93.00549928332629,-0.6446915259568019,0.0,0.0,0.764442827397504
5.400000000000009,0.0,0.0,0.7126476087075214,0.0,0.0,92.6084628558099,-0.6515039521377455,0.0,0.0,0.7586452401148367
5.42500000000001,0.0,0.0,0.7096473173112798,0.0,0.0,92.2127196014416,-0.6582359197299186,0.0,0.0,0.752811712167995
5.45000000000001,0.0,0.0,0.7066569444077182,0.0,0.0,91.8182598029642,-0.6648876462565046,0.0,0.0,0.746943383299889
5.47500000000001,0.0,0.0,0.7036764174999142,0.0,0.0,91.42507382831424,-0.6714593603584964,0.0,0.0,0.7410413803472509
5.500000000000011,0.0,0.0,0.7007056647469373,0.0,0.0,91.03315212963625,-0.6779513015136318,0.0,0.0,0.735106817255814
5.525000000000011,0.0,0.0,0.6977446149566144,0.0,0.0,90.64248524231037,-0.6843637197592674,0.0,0.0,0.7291407950987648
5.550000000000011,0.0,0.0,0.6947931975783977,0.0,0.0,90.25306378399313,-0.6906968754191664,0.0,0.0,0.7231444020983642
5.575000000000012,0.0,0.0,0.6918513426963364,0.0,0.0,89.86487845367117,-0.6969510388341837,0.0,0.0,0.7171187136506424
5.600000000000012,0.0,0.0,0.6889189810221479,0.0,0.0,89.47792003072772,-0.7031264900968265,0.0,0.0,0.711064792353072
5.625000000000012,0.0,0.0,0.6859960438883901,0.0,0.0,89.09217937402157,-0.7092235187896649,0.0,0.0,0.7049836880351246
5.650000000000013,0.0,0.0,0.68308246324173,0.0,0.0,88.70764742097845,-0.7152424237275757,0.0,0.0,0.6988764377916195
5.675000000000013,0.0,0.0,0.6801781716363101,0.0,0.0,88.3243151866945,-0.7211835127037897,0.0,0.0,0.6927440660187737
5.7000000000000135,0.0,0.0,0.6772831022272092,0.0,0.0,87.94217376305176,-0.7270471022397221,0.0,0.0,0.6865875844528673
5.725000000000014,0.0,0.0,0.6743971887639973,0.0,0.0,87.5612143178453,-0.73283351733856,0.0,0.0,0.6804079922114339
5.750000000000014,0.0,0.0,0.6715203655843834,0.0,0.0,87.18142809392211,-0.7385430912425793,0.0,0.0,0.674206275836895
5.775000000000015,0.0,0.0,0.6686525676079539,0.0,0.0,86.80280640833126,-0.7441761651941678,0.0,0.0,0.6679834093425544
5.800000000000015,0.0,0.0,0.6657937303300011,0.0,0.0,86.42534065148536,-0.7497330882005254,0.0,0.0,0.661740354260871
5.825000000000015,0.0,0.0,0.662943789815441,0.0,0.0,86.04902228633296,-0.7552142168020145,0.0,0.0,0.6554780596939305
5.850000000000016,0.0,0.0,0.6601026826928172,0.0,0.0,85.67384284754202,-0.7606199148441323,0.0,0.0,0.6491974623660391
5.875000000000016,0.0,0.0,0.6572703461483932,0.0,0.0,85.2997939406939,-0.7659505532530781,0.0,0.0,0.6428994866783637
5.900000000000016,0.0,0.0,0.6544467179203275,0.0,0.0,84.926867241488,-0.7712065098148837,0.0,0.0,0.6365850447655409
5.925000000000017,0.0,0.0,0.6516317362929342,0.0,0.0,84.55505449495674,-0.7763881689580803,0.0,0.0,0.6302550365541869
5.950000000000017,0.0,0.0,0.6488253400910262,0.0,0.0,84.1843475146908,-0.7814959215398704,0.0,0.0,0.6239103498232327
5.975000000000017,0.0,0.0,0.6460274686743396,0.0,0.0,83.81473818207441,-0.7865301646357762,0.0,0.0,0.6175518602660176
6.000000000000018,0.0,0.0,0.6432380619320395,0.0,0.0,83.44621844553049,-0.7914913013327305,0.0,0.0,0.6111804315540712
6.025000000000018,0.0,0.0,0.6404570602773051,0.0,0.0,83.07878031977567,-0.7963797405255849,0.0,0.0,0.6047969154025193
6.0500000000000185,0.0,0.0,0.637684404641993,0.0,0.0,82.71241588508485,-0.8011958967169978,0.0,0.0,0.5984021516370458
6.075000000000019,0.0,0.0,0.6349200364713792,0.0,0.0,82.34711728656515,-0.8059401898206758,0.0,0.0,0.5919969682623494
6.100000000000019,0.0,0.0,0.6321638977189764,0.0,0.0,81.98287673343937,-0.8106130449679346,0.0,0.0,0.5855821815320318
6.1250000000000195,0.0,0.0,0.6294159308414281,0.0,0.0,81.61968649833844,-0.8152148923175466,0.0,0.0,0.5791585960198562
6.15000000000002,0.0,0.0,0.6266760787934766,0.0,0.0,81.25753891660301,-0.8197461668688459,0.0,0.0,0.5727270046923175
6.17500000000002,0.0,0.0,0.6239442850230055,0.0,0.0,80.89642638559394,-0.8242073082780562,0.0,0.0,0.5662881889824662
6.200000000000021,0.0,0.0,0.6212204934661543,0.0,0.0,80.53634136401152,-0.8285987606778077,0.0,0.0,0.5598429188649267
6.225000000000021,0.0,0.0,0.6185046485425059,0.0,0.0,80.17727637122337,-0.8329209724998168,0.0,0.0,0.5533919529320602
6.250000000000021,0.0,0.0,0.6157966951503447,0.0,0.0,79.81922398660079,-0.8371743963006856,0.0,0.0,0.5469360384712115
6.275000000000022,0.0,0.0,0.6130965786619853,0.0,0.0,79.46217684886355,-0.8413594885907997,0.0,0.0,0.540475911542992
6.300000000000022,0.0,0.0,0.6104042449191706,0.0,0.0,79.10612765543291,-0.8454767096662814,0.0,0.0,0.5340122970605439
6.325000000000022,0.0,0.0,0.6077196402285384,0.0,0.0,78.7510691617928,-0.8495265234439724,0.0,0.0,0.5275459088697378
6.350000000000023,0.0,0.0,0.6050427113571571,0.0,0.0,78.39699418085891,-0.8535093972994083,0.0,0.0,0.5210774498302537
6.375000000000023,0.0,0.0,0.6023734055281268,0.0,0.0,78.04389558235582,-0.857425801907755,0.0,0.0,0.5146076118974955
6.4000000000000234,0.0,0.0,0.5997116704162483,0.0,0.0,77.69176629220176,-0.8612762110876704,0.0,0.0,0.5081370762052959
6.425000000000024,0.0,0.0,0.5970574541437572,0.0,0.0,77.34059929190119,-0.8650611016480625,0.0,0.0,0.5016665131493637
6.450000000000024,0.0,0.0,0.5944107052761235,0.0,0.0,76.99038761794472,-0.8687809532377061,0.0,0.0,0.495196582471429
6.4750000000000245,0.0,0.0,0.5917713728179149,0.0,0.0,76.64112436121667,-0.8724362481976893,0.0,0.0,0.4887279333440439
6.500000000000025,0.0,0.0,0.5891394062087244,0.0,0.0,76.29280266640981,-0.8760274714166516,0.0,0.0,0.48226120445599563
6.525000000000025,0.0,0.0,0.586514755319161,0.0,0.0,75.94541573144743,-0.879555110188787,0.0,0.0,0.475797024098292
6.550000000000026,0.0,0.0,0.583897370446902,0.0,0.0,75.59895680691237,-0.8830196540745717,0.0,0.0,0.4693360102506772
6.575000000000026,0.0,0.0,0.5812872023128087,0.0,0.0,75.25341919548326,-0.8864215947641891,0.0,0.0,0.46287877066864036
6.600000000000026,0.0,0.0,0.5786842020571012,0.0,0.0,74.90879625137747,-0.8897614259436167,0.0,0.0,0.4564259029708785
6.625000000000027,0.0,0.0,0.5760883212355962,0.0,0.0,74.56508137980097,-0.8930396431633423,0.0,0.0,0.4499779947271758
6.650000000000027,0.0,0.0,0.5734995118160027,0.0,0.0,74.22226803640494,-0.8962567437096759,0.0,0.0,0.4435356235466643
6.675000000000027,0.0,0.0,0.5709177261742795,0.0,0.0,73.88034972674883,-0.899413226478627,0.0,0.0,0.43709935716642956
6.700000000000028,0.0,0.0,0.5683429170910499,0.0,0.0,73.53932000577011,-0.902509591852312,0.0,0.0,0.4306697535404282
6.725000000000028,0.0,0.0,0.5657750377480761,0.0,0.0,73.19917247726029,-0.9055463415778607,0.0,0.0,0.42424736092868304
6.750000000000028,0.0,0.0,0.5632140417247911,0.0,0.0,72.85990079334739,-0.9085239786487899,0.0,0.0,0.4178327179867239
6.775000000000029,0.0,0.0,0.5606598829948883,0.0,0.0,72.52149865398457,-0.91144300718881,0.0,0.0,0.41142635385524207
6.800000000000029,0.0,0.0,0.5581125159229693,0.0,0.0,72.18395980644486,-0.9143039323380353,0.0,0.0,0.40502878824992816
6.8250000000000295,0.0,0.0,0.5555718952612464,0.0,0.0,71.8472780448221,-0.9171072601415642,0.0,0.0,0.3986405315514635
6.85000000000003,0.0,0.0,0.5530379761463035,0.0,0.0,71.51144720953774,-0.9198534974403967,0.0,0.0,0.3922620848956349
6.87500000000003,0.0,0.0,0.5505107140959117,0.0,0.0,71.17646118685346,-0.9225431517646611,0.0,0.0,0.3858939402635466
6.9000000000000306,0.0,0.0,0.547990065005901,0.0,0.0,70.8423139083898,-0.9251767312291148,0.0,0.0,0.37953658057190015
6.925000000000031,0.0,0.0,0.545475985147087,0.0,0.0,70.50899935065027,-0.9277547444308898,0.0,0.0,0.3731904797633164
6.950000000000031,0.0,0.0,0.5429684311622525,0.0,0.0,70.17651153455128,-0.9302777003494521,0.0,0.0,0.36685610289667403
6.975000000000032,0.0,0.0,0.5404673600631841,0.0,0.0,69.8448445249575,-0.9327461082487423,0.0,0.0,0.36053390623743803
7.000000000000032,0.0,0.0,0.537972729227762,0.0,0.0,69.5139924302228,-0.9351604775814691,0.0,0.0,0.3542243373479559
7.025000000000032,0.0,0.0,0.5354844963971048,0.0,0.0,69.18394940173651,-0.937521317895525,0.0,0.0,0.34792783517769627
7.050000000000033,0.0,0.0,0.5330026196727677,0.0,0.0,68.85470963347504,-0.9398291387424895,0.0,0.0,0.3416448301534072
7.075000000000033,0.0,0.0,0.5305270575139936,0.0,0.0,68.52626736155875,-0.9420844495881983,0.0,0.0,0.33537574426917266
7.100000000000033,0.0,0.0,0.5280577687350182,0.0,0.0,68.19861686381398,-0.9442877597253393,0.0,0.0,0.32912099117634497
7.125000000000034,0.0,0.0,0.5255947125024275,0.0,0.0,67.87175245934021,-0.946439578188053,0.0,0.0,0.3228809762733322
7.150000000000034,0.0,0.0,0.5231378483325687,0.0,0.0,67.5456685080822,-0.9485404136685036,0.0,0.0,0.3166560967952203
7.1750000000000345,0.0,0.0,0.5206871360890128,0.0,0.0,67.22035941040716,-0.9505907744353935,0.0,0.0,0.3104467419032108
7.200000000000035,0.0,0.0,0.5182425359800706,0.0,0.0,66.8958196066867,-0.9525911682543918,0.0,0.0,0.3042532927738547
7.225000000000035,0.0,0.0,0.5158040085563602,0.0,0.0,66.57204357688379,-0.9545421023104483,0.0,0.0,0.29807612268806355
7.2500000000000355,0.0,0.0,0.5133715147084275,0.0,0.0,66.24902584014424,-0.956444083131964,0.0,0.0,0.2919155971198811
7.275000000000036,0.0,0.0,0.5109450156644179,0.0,0.0,65.92676095439309,-0.95829761651679,0.0,0.0,0.28577207382499675
7.300000000000036,0.0,0.0,0.508524472987801,0.0,0.0,65.60524351593543,-0.9601032074600271,0.0,0.0,0.27964590292898617
7.325000000000037,0.0,0.0,0.5061098485751465,0.0,0.0,65.28446815906193,-0.9618613600835991,0.0,0.0,0.27353742701526074
7.350000000000037,0.0,0.0,0.5037011046539518,0.0,0.0,64.96442955565882,-0.9635725775675685,0.0,0.0,0.26744698121271104
7.375000000000037,0.0,0.0,0.5012982037805225,0.0,0.0,64.64512241482227,-0.965237362083174,0.0,0.0,0.2613748932830309
7.400000000000038,0.0,0.0,0.4989011088379036,0.0,0.0,64.32654148247715,-0.9668562147275551,0.0,0.0,0.2553214837077045
7.425000000000038,0.0,0.0,0.4965097830338637,0.0,0.0,64.00868154100017,-0.9684296354601442,0.0,0.0,0.24928706577464546
7.450000000000038,0.0,0.0,0.4941241898989301,0.0,0.0,63.691537408847175,-0.9699581230406922,0.0,0.0,0.24327194566447155
7.475000000000039,0.0,0.0,0.49174429328447633,0.0,0.0,63.37510394018473,-0.9714421749689095,0.0,0.0,0.23727642253640494
7.500000000000039,0.0,0.0,0.48937005736086203,0.0,0.0,63.05937602452578,-0.9728822874256896,0.0,0.0,0.231300788613783
7.525000000000039,0.0,0.0,0.48700144661562467,0.0,0.0,62.74434858636942,-0.9742789552158919,0.0,0.0,0.22534532926916842
7.55000000000004,0.0,0.0,0.4846384258517233,0.0,0.0,62.43001658484466,-0.9756326717126601,0.0,0.0,0.21941032310904754
7.57500000000004,0.0,0.0,0.48228096018583533,0.0,0.0,62.116375013358216,-0.9769439288032472,0.0,0.0,0.21349604205810466
7.6000000000000405,0.0,0.0,0.47992901504670576,0.0,0.0,61.80341889924617,-0.9782132168363245,0.0,0.0,0.20760275144306212
7.625000000000041,0.0,0.0,0.4775825561735487,0.0,0.0,61.49114330342951,-0.9794410245707508,0.0,0.0,0.2017307100760761
7.650000000000041,0.0,0.0,0.47524154961450277,0.0,0.0,61.179543320073485,-0.9806278391257729,0.0,0.0,0.19588017033767693
7.675000000000042,0.0,0.0,0.47290596172513893,0.0,0.0,60.8686140762507,-0.9817741459326382,0.0,0.0,0.19005137825924592
7.700000000000042,0.0,0.0,0.47057575916702266,0.0,0.0,60.558350731607966,-0.9828804286875922,0.0,0.0,0.18424457360501834
7.725000000000042,0.0,0.0,0.46825090890632926,0.0,0.0,60.248748478036745,-0.9839471693062384,0.0,0.0,0.1784599899536045
7.750000000000043,0.0,0.0,0.4659313782125138,0.0,0.0,59.93980253934726,-0.9849748478792362,0.0,0.0,0.17269785477901983
7.775000000000043,0.0,0.0,0.46361713465703547,0.0,0.0,59.63150817094614,-0.9859639426293147,0.0,0.0,0.16695838953121678
7.800000000000043,0.0,0.0,0.46130814611213666,0.0,0.0,59.323860659517564,-0.9869149298695779,0.0,0.0,0.16124180971610974
7.825000000000044,0.0,0.0,0.4590043807496775,0.0,0.0,59.01685532270791,-0.9878282839630805,0.0,0.0,0.15554832497508683
7.850000000000044,0.0,0.0,0.45670580704002606,0.0,0.0,58.71048750881379,-0.9887044772836504,0.0,0.0,0.14987813916400042
7.875000000000044,0.0,0.0,0.45441239375100473,0.0,0.0,58.404752596473465,-0.9895439801779343,0.0,0.0,0.1442314504316304
7.900000000000045,0.0,0.0,0.45212410994689356,0.0,0.0,58.0996459943616,-0.9903472609286487,0.0,0.0,0.1386084512976136
7.925000000000045,0.0,0.0,0.4498409249874903,0.0,0.0,57.795163140887304,-0.99111478571901,0.0,0.0,0.13300932872983315
7.9500000000000455,0.0,0.0,0.4475628085272286,0.0,0.0,57.49129950389538,-0.9918470185983248,0.0,0.0,0.12743426422126217
7.975000000000046,0.0,0.0,0.4452897305143545,0.0,0.0,57.18805058037079,-0.9925444214487178,0.0,0.0,0.12188343386625632
8.000000000000046,0.0,0.0,0.44302166119016195,0.0,0.0,56.885411896146316,-0.9932074539529782,0.0,0.0,0.11635700843628984
8.025000000000047,0.0,0.0,0.44075857108828764,0.0,0.0,56.58337900561325,-0.9938365735635007,0.0,0.0,0.11085515345513039
8.050000000000047,0.0,0.0,0.43850043103406683,0.0,0.0,56.28194749143524,-0.9944322354723043,0.0,0.0,0.10537802927344786
8.075000000000047,0.0,0.0,0.4362472121439495,0.0,0.0,55.981112964265094,-0.9949948925821052,0.0,0.0,0.09992579114285279
8.100000000000048,0.0,0.0,0.433998885824979,0.0,0.0,55.68087106246462,-0.9955249954784262,0.0,0.0,0.09449858928936038
8.125000000000048,0.0,0.0,0.4317554237743327,0.0,0.0,55.38121745182741,-0.9960229924027224,0.0,0.0,0.08909656898627609
8.150000000000048,0.0,0.0,0.42951679797892695,0.0,0.0,55.082147825304524,-0.996489329226501,0.0,0.0,0.08371987062649915
8.175000000000049,0.0,0.0,0.4272829807150857,0.0,0.0,54.783657902733054,-0.9969244494264212,0.0,0.0,0.07836862979424075
8.200000000000049,0.0,0.0,0.4250539445482747,0.0,0.0,54.48574343056753,-0.997328794060349,0.0,0.0,0.07304297733615346
8.22500000000005,0.0,0.0,0.42282966233290226,0.0,0.0,54.188400181614114,-0.9977028017443532,0.0,0.0,0.06774303943186918
8.25000000000005,0.0,0.0,0.4206101072121868,0.0,0.0,53.891623954767546,-0.9980469086306207,0.0,0.0,0.062468937663942674
8.27500000000005,0.0,0.0,0.4183952526180933,0.0,0.0,53.595410574750865,-0.998361548386274,0.0,0.0,0.057220789087198125
8.30000000000005,0.0,0.0,0.41618507227133894,0.0,0.0,53.29975589185775,-0.9986471521730729,0.0,0.0,0.051998706297476556
8.32500000000005,0.0,0.0,0.41397954018146965,0.0,0.0,53.00465578169757,-0.9989041486279824,0.0,0.0,0.046802797499781765
8.350000000000051,0.0,0.0,0.41177863064700815,0.0,0.0,52.71010614494303,-0.9991329638445876,0.0,0.0,0.04163316657582282
8.375000000000052,0.0,0.0,0.4095823182556756,0.0,0.0,52.416102907080415,-0.9993340213553404,0.0,0.0,0.036489913150951396
8.400000000000052,0.0,0.0,0.40739057788468747,0.0,0.0,52.12264201816235,-0.9995077421146206,0.0,0.0,0.03137313266049239
8.425000000000052,0.0,0.0,0.4052033847011254,0.0,0.0,51.829719452563154,-0.9996545444825916,0.0,0.0,0.026282916415466106
8.450000000000053,0.0,0.0,0.40302071416238616,0.0,0.0,51.53733120873659,-0.9997748442098364,0.0,0.0,0.021219351667700993
8.475000000000053,0.0,0.0,0.40084254201670966,0.0,0.0,51.24547330897615,-0.9998690544227576,0.0,0.0,0.016182521674335686
8.500000000000053,0.0,0.0,0.3986688443037872,0.0,0.0,50.954141799177705,-0.9999375856097242,0.0,0.0,0.011172505761709396
8.525000000000054,0.0,0.0,0.39649959735545176,0.0,0.0,50.66333274860455,-0.9999808456079464,0.0,0.0,0.0061893793886397186
8.550000000000054,0.0,0.0,0.3943347777964518,0.0,0.0,50.37304224965487,-0.9999992395910682,0.0,0.0,0.0012332142090873298
8.575000000000054,0.0,0.0,0.3921743625453109,0.0,0.0,50.08326641763146,-0.9999931700574568,0.0,0.0,-0.003695921865793135
8.600000000000055,0.0,0.0,0.39001832881527415,0.0,0.0,49.79400139051375,-0.9999630368191768,0.0,0.0,-0.008597964606216396
8.625000000000055,0.0,0.0,0.38786665411534416,0.0,0.0,49.50524332873218,-0.9999092369916295,0.0,0.0,-0.013472853402944351
8.650000000000055,0.0,0.0,0.3857193162514082,0.0,0.0,49.216988414944716,-0.999832164983849,0.0,0.0,-0.01832053120707863
8.675000000000056,0.0,0.0,0.38357629332745835,0.0,0.0,48.92923285381564,-0.999732212489432,0.0,0.0,-0.0231409444704679
8.700000000000056,0.0,0.0,0.3814375637469071,0.0,0.0,48.64197287179649,-0.999609768478094,0.0,0.0,-0.02793404308673
8.725000000000056,0.0,0.0,0.37930310621400104,0.0,0.0,48.35520471690918,-0.9994652191878317,0.0,0.0,-0.03269978033288866
8.750000000000057,0.0,0.0,0.3771728997353337,0.0,0.0,48.06892465853121,-0.9992989481176812,0.0,0.0,-0.0374381128116247
8.775000000000057,0.0,0.0,0.3750469236214613,0.0,0.0,47.78312898718304,-0.9991113360210537,0.0,0.0,-0.042149000394141246
8.800000000000058,0.0,0.0,0.37292515748862337,0.0,0.0,47.497814014317456,-0.9989027608996401,0.0,0.0,-0.04683240616364274
8.825000000000058,0.0,0.0,0.3708075812605707,0.0,0.0,47.21297607211105,-0.9986735979978663,0.0,0.0,-0.051488296359427074
8.850000000000058,0.0,0.0,0.36869417517050335,0.0,0.0,46.92861151325767,-0.998424219797886,0.0,0.0,-0.05611664032159047
8.875000000000059,0.0,0.0,0.36658491976312213,0.0,0.0,46.64471671076392,-0.9981549960151,0.0,0.0,-0.060717410436344266
8.900000000000059,0.0,0.0,0.3644797958967954,0.0,0.0,46.36128805774657,-0.9978662935941875,0.0,0.0,-0.06529058208194312
8.92500000000006,0.0,0.0,0.36237878474584556,0.0,0.0,46.07832196723193,-0.9975584767056332,0.0,0.0,-0.0698361335752236
8.95000000000006,0.0,0.0,0.360281867802957,0.0,0.0,45.79581487195717,-0.9972319067427448,0.0,0.0,-0.07435404611875276
8.97500000000006,0.0,0.0,0.3581890268817101,0.0,0.0,45.513763224173495,-0.9968869423191382,0.0,0.0,-0.07884430374858521
9.00000000000006,0.0,0.0,0.3561002441192436,0.0,0.0,45.23216349545121,-0.9965239392666876,0.0,0.0,-0.08330689328262841
9.02500000000006,0.0,0.0,0.3540155019790498,0.0,0.0,44.95101217648664,-0.99614325063392,0.0,0.0,-0.08774180426961466
9.050000000000061,0.0,0.0,0.3519347832539054,0.0,0.0,44.670305776910844,-0.9957452266848477,0.0,0.0,-0.09214902893867917
9.075000000000061,0.0,0.0,0.34985807106894284,0.0,0.0,44.39004082510015,-0.9953302148982226,0.0,0.0,-0.09652856214954292
9.100000000000062,0.0,0.0,0.34778534888486495,0.0,0.0,44.11021386798846,-0.9948985599672034,0.0,0.0,-0.1008804013432994
9.125000000000062,0.0,0.0,0.3457166005013083,0.0,0.0,43.830821470881325,-0.9944506037994211,0.0,0.0,-0.10520454649380388
9.150000000000063,0.0,0.0,0.34365181006035833,0.0,0.0,43.55186021727171,-0.9939866855174336,0.0,0.0,-0.10950100005966446
9.175000000000063,0.0,0.0,0.3415909620502218,0.0,0.0,43.273326708657514,-0.9935071414595563,0.0,0.0,-0.11376976693683333
9.200000000000063,0.0,0.0,0.3395340413090605,0.0,0.0,42.99521756436076,-0.9930123051810573,0.0,0.0,-0.1180108544117974
9.225000000000064,0.0,0.0,0.3374810330289912,0.0,0.0,42.71752942134843,-0.9925025074557086,0.0,0.0,-0.12222427211536718
9.250000000000064,0.0,0.0,0.33543192276025724,0.0,0.0,42.44025893405501,-0.9919780762776755,0.0,0.0,-0.12641003197706208
9.275000000000064,0.0,0.0,0.33338669641557667,0.0,0.0,42.16340277420655,-0.9914393368637445,0.0,0.0,-0.13056814818009224
9.300000000000065,0.0,0.0,0.33134534027467216,0.0,0.0,41.88695763064646,-0.9908866116558648,0.0,0.0,-0.13469863711693422
9.325000000000065,0.0,0.0,0.32930784098898885,0.0,0.0,41.610920209162764,-0.9903202203240055,0.0,0.0,-0.13880151734550067
9.350000000000065,0.0,0.0,0.32727418558660565,0.0,0.0,41.33528723231702,-0.98974047976931,0.0,0.0,-0.142876809545902
9.375000000000066,0.0,0.0,0.32524436147734626,0.0,0.0,41.06005543927473,-0.9891477041275402,0.0,0.0,-0.14692453647779954
9.400000000000066,0.0,0.0,0.3232183564580961,0.0,0.0,40.78522158563724,-0.9885422047727983,0.0,0.0,-0.15094472293834849
9.425000000000066,0.0,0.0,0.3211961587183319,0.0,0.0,40.51078244327525,-0.9879242903215194,0.0,0.0,-0.1549373957207303
9.450000000000067,0.0,0.0,0.31917775684587096,0.0,0.0,40.23673480016371,-0.98729426663672,0.0,0.0,-0.15890258357327275
9.475000000000067,0.0,0.0,0.31716313983284683,0.0,0.0,39.963075460218235,-0.9866524368324973,0.0,0.0,-0.16284031715915745
9.500000000000068,0.0,0.0,0.3151522970819191,0.0,0.0,39.68980124313294,-0.985999101278764,0.0,0.0,-0.16675062901671295
9.525000000000068,0.0,0.0,0.3131452184127254,0.0,0.0,39.41690898421973,-0.9853345576062158,0.0,0.0,-0.17063355352029375
9.550000000000068,0.0,0.0,0.31114189406858267,0.0,0.0,39.14439553424898,-0.9846591007115132,0.0,0.0,-0.174489126841743
9.575000000000069,0.0,0.0,0.3091423147234472,0.0,0.0,38.87225775929162,-0.983973022762677,0.0,0.0,-0.17831738691243948
9.600000000000069,0.0,0.0,0.30714647148914176,0.0,0.0,38.600492540562605,-0.983276613204679,0.0,0.0,-0.18211837338592696
9.62500000000007,0.0,0.0,0.30515435592285806,0.0,0.0,38.32909677426571,-0.9825701587652287,0.0,0.0,-0.18589212760112636
9.65000000000007,0.0,0.0,0.3031659600349459,0.0,0.0,38.05806737143971,-0.9818539434607343,0.0,0.0,-0.18963869254612895
9.67500000000007,0.0,0.0,0.3011812762969967,0.0,0.0,37.787401257805875,-0.9811282486024411,0.0,0.0,-0.19335811282257165
9.70000000000007,0.0,0.0,0.29920029765023337,0.0,0.0,37.51709537361672,-0.9803933528027292,0.0,0.0,-0.19705043461059263
9.72500000000007,0.0,0.0,0.2972230175142162,0.0,0.0,37.247146673506116,-0.9796495319815642,0.0,0.0,-0.20071570563436747
9.750000000000071,0.0,0.0,0.29524942979587626,0.0,0.0,36.97755212634065,-0.9788970593730948,0.0,0.0,-0.20435397512822615
9.775000000000071,0.0,0.0,0.2932795288988881,0.0,0.0,36.70830871507222,-0.9781362055323822,0.0,0.0,-0.20796529380335
9.800000000000072,0.0,0.0,0.29131330973339314,0.0,0.0,36.43941343659192,-0.9773672383422572,0.0,0.0,-0.2115497138150489
9.825000000000072,0.0,0.0,0.2893507677260874,0.0,0.0,36.17086330158509,-0.9765904230202966,0.0,0.0,-0.21510728873061966
9.850000000000072,0.0,0.0,0.28739189883068555,0.0,0.0,35.90265533438766,-0.9758060221259027,0.0,0.0,-0.21863807349778416
9.875000000000073,0.0,0.0,0.28543669953877554,0.0,0.0,35.63478657284358,-0.9750142955674874,0.0,0.0,-0.2221421244137096
9.900000000000073,0.0,0.0,0.28348516689107855,0.0,0.0,35.36725406816354,-0.9742155006097457,0.0,0.0,-0.22561949909461007
9.925000000000074,0.0,0.0,0.2815372984891279,0.0,0.0,35.10005488478479,-0.9734098918810079,0.0,0.0,-0.2290702564459306
9.950000000000074,0.0,0.0,0.27959309250738335,0.0,0.0,34.83318610023212,-0.9725977213806706,0.0,0.0,-0.2324944566331149
9.975000000000074,0.0,0.0,0.277652547705797,0.0,0.0,34.566644804979994,-0.9717792384866873,0.0,0.0,-0.23589216105295704
10.000000000000075,0.0,0.0,0.2757156634428469,0.0,0.0,34.30042810231579,-0.9709546899631171,0.0,0.0,-0.23926343230553881
10.025000000000075,0.0,0.0,0.2737824396890568,0.0,0.0,34.03453310820415,-0.9701243199677205,0.0,0.0,-0.24260833416675467
10.050000000000075,0.0,0.0,0.27185287704101957,0.0,0.0,33.76895695115243,-0.9692883700595931,0.0,0.0,-0.24592693156142428
10.075000000000076,0.0,0.0,0.2699269767359445,0.0,0.0,33.50369677207722,-0.968447079206828,0.0,0.0,-0.24921929053699615
10.100000000000076,0.0,0.0,0.26800474066674734,0.0,0.0,33.23874972417192,-0.967600683794202,0.0,0.0,-0.2524854782378435
10.125000000000076,0.0,0.0,0.2660861713977048,0.0,0.0,32.974112972775394,-0.9667494176308711,0.0,0.0,-0.25572556288015447
10.150000000000077,0.0,0.0,0.26417127218069486,0.0,0.0,32.70978369524164,-0.9658935119580703,0.0,0.0,-0.2589396137274196
10.175000000000077,0.0,0.0,0.26226004697204586,0.0,0.0,32.4457590808105,-0.9650331954568099,0.0,0.0,-0.2621277010665191
10.200000000000077,0.0,0.0,0.2603525004500181,0.0,0.0,32.18203633047935,-0.9641686942555557,0.0,0.0,-0.2652898961844128
10.225000000000078,0.0,0.0,0.25844863803294266,0.0,0.0,31.918612656875837,-0.9633002319378868,0.0,0.0,-0.26842627134543556
10.250000000000078,0.0,0.0,0.2565484658980436,0.0,0.0,31.65548528413156,-0.9624280295501216,0.0,0.0,-0.27153689976920287
10.275000000000079,0.0,0.0,0.2546519910009705,0.0,0.0,31.39265144775674,-0.9615523056089036,0.0,0.0,-0.2746218556091292
10.300000000000079,0.0,0.0,0.25275922109606996,0.0,0.0,31.130108394515844,-0.9606732761087367,0.0,0.0,-0.277681213931564
10.32500000000008,0.0,0.0,0.2508701647574251,0.0,0.0,30.867853382304165,-0.9597911545294608,0.0,0.0,-0.2807150506955486
10.35000000000008,0.0,0.0,0.24898483140069474,0.0,0.0,30.605883680025336,-0.958906151843662,0.0,0.0,-0.28372344273320094
10.37500000000008,0.0,0.0,0.24710323130578452,0.0,0.0,30.344196567469755,-0.958018476524001,0.0,0.0,-0.2867064677307307
10.40000000000008,0.0,0.0,0.24522537564038308,0.0,0.0,30.082789335193937,-0.9571283345504583,0.0,0.0,-0.2896642042100922
10.42500000000008,0.0,0.0,0.24335127648440005,0.0,0.0,29.821659284400745,-0.9562359294174819,0.0,0.0,-0.2925967315112801
10.450000000000081,0.0,0.0,0.241480946855342,0.0,0.0,29.560803726820534,-0.9553414621410283,0.0,0.0,-0.29550412977527407
10.475000000000081,0.0,0.0,0.2396144007346653,0.0,0.0,29.300219984593152,-0.9544451312654869,0.0,0.0,-0.29838647992763945
10.500000000000082,0.0,0.0,0.23775165309514718,0.0,0.0,29.0399053901508,-0.9535471328704805,0.0,0.0,-0.3012438636627909
10.525000000000082,0.0,0.0,0.23589271992931654,0.0,0.0,28.779857286101766,-0.9526476605775291,0.0,0.0,-0.30407636342892685
10.550000000000082,0.0,0.0,0.23403761827899014,0.0,0.0,28.52007302511499,-0.9517469055565665,0.0,0.0,-0.30688406241364224
10.575000000000083,0.0,0.0,0.23218636626595987,0.0,0.0,28.26054996980544,-0.9508450565323004,0.0,0.0,-0.30966704453022825
10.600000000000083,0.0,0.0,0.2303389831238808,0.0,0.0,28.001285492620344,-0.9499422997904068,0.0,0.0,-0.3124253944046691
10.625000000000083,0.0,0.0,0.22849548923141075,0.0,0.0,27.7422769757262,-0.9490388191835426,0.0,0.0,-0.3151591973633436
10.650000000000084,0.0,0.0,0.22665590614665532,0.0,0.0,27.4835218108966,-0.9481347961371727,0.0,0.0,-0.317868539421444
10.675000000000084,0.0,0.0,0.22482025664297445,0.0,0.0,27.225017399400834,-0.9472304096551918,0.0,0.0,-0.3205535072721208
10.700000000000085,0.0,0.0,0.22298856474620982,0.0,0.0,26.966761151893262,-0.9463258363253377,0.0,0.0,-0.32321418827636655
10.725000000000085,0.0,0.0,0.22116085577339467,0.0,0.0,26.708750488303476,-0.9454212503243762,0.0,0.0,-0.3258506704536498
10.750000000000085,0.0,0.0,0.21933715637301124,0.0,0.0,26.450982837727192,-0.9445168234230531,0.0,0.0,-0.3284630424733128
10.775000000000086,0.0,0.0,0.21751749456686365,0.0,0.0,26.193455638317904,-0.9436127249907919,0.0,0.0,-0.3310513936467451
10.800000000000086,0.0,0.0,0.2157018997936378,0.0,0.0,25.936166337179255,-0.9427091220001335,0.0,0.0,-0.3336158139203495
10.825000000000086,0.0,0.0,0.21389040295422337,0.0,0.0,25.679112390258158,-0.9418061790308975,0.0,0.0,-0.33615639386931345
10.850000000000087,0.0,0.0,0.21208303645887647,0.0,0.0,25.422291262238613,-0.9409040582740543,0.0,0.0,-0.3386732246922026
10.875000000000087,0.0,0.0,0.21027983427630567,0.0,0.0,25.16570042643623,-0.9400029195352941,0.0,0.0,-0.34116639820639366
10.900000000000087,0.0,0.0,0.2084808319847683,0.0,0.0,24.909337364693464,-0.9391029202382772,0.0,0.0,-0.3436360068443638
10.925000000000088,0.0,0.0,0.20668606682526797,0.0,0.0,24.65319956727551,-0.9382042154275522,0.0,0.0,-0.3460821436508556
10.950000000000088,0.0,0.0,0.20489557775694944,0.0,0.0,24.3972845327669,-0.9373069577711214,0.0,0.0,-0.3485049022809366
10.975000000000088,0.0,0.0,0.20310940551479129,0.0,0.0,24.14158976796875,-0.9364112975626473,0.0,0.0,-0.35090437699897564
11.000000000000089,0.0,0.0,0.2013275926697022,0.0,0.0,23.886112787796673,-0.9355173827232717,0.0,0.0,-0.3532806626785559
11.02500000000009,0.0,0.0,0.19955018369113237,0.0,0.0,23.630851115179336,-0.9346253588030392,0.0,0.0,-0.35563385480334964
11.05000000000009,0.0,0.0,0.19777722501231668,0.0,0.0,23.375802280957657,-0.9337353689819033,0.0,0.0,-0.35796404946897764
11.07500000000009,0.0,0.0,0.1960087650982731,0.0,0.0,23.120963823784635,-0.932847554070296,0.0,0.0,-0.36027134338587935
11.10000000000009,0.0,0.0,0.1942448545166857,0.0,0.0,22.866333290025796,-0.9319620525092438,0.0,0.0,-0.36255583388322093
11.12500000000009,0.0,0.0,0.19248554601180803,0.0,0.0,22.611908233660262,-0.9310790003700089,0.0,0.0,-0.36481761891386916
11.150000000000091,0.0,0.0,0.19073089458153142,0.0,0.0,22.357686216182408,-0.930198531353235,0.0,0.0,-0.36705679706046124
11.175000000000091,0.0,0.0,0.18898095755776803,0.0,0.0,22.103664806504128,-0.9293207767875757,0.0,0.0,-0.3692734675426019
11.200000000000092,0.0,0.0,0.18723579469030843,0.0,0.0,21.84984158085767,-0.9284458656277824,0.0,0.0,-0.371467730225221
11.225000000000092,0.0,0.0,0.18549546823432095,0.0,0.0,21.59621412269908,-0.9275739244522316,0.0,0.0,-0.3736396856281268
11.250000000000092,0.0,0.0,0.18376004304166937,0.0,0.0,21.34278002261217,-0.9267050774598616,0.0,0.0,-0.37578943493679035
11.275000000000093,0.0,0.0,0.1820295866562349,0.0,0.0,21.089536878213092,-0.9258394464664966,0.0,0.0,-0.3779170800144009
11.300000000000093,0.0,0.0,0.1803041694134385,0.0,0.0,20.83648229405543,-0.9249771509005339,0.0,0.0,-0.38002272341523347
11.325000000000093,0.0,0.0,0.17858386454417047,0.0,0.0,20.583613881535857,-0.9241183077979583,0.0,0.0,-0.382106468399369
11.350000000000094,0.0,0.0,0.176868748283345,0.0,0.0,20.330929258800325,-0.9232630317966641,0.0,0.0,-0.3841684189488145
11.375000000000094,0.0,0.0,0.17515889998330988,0.0,0.0,20.078426050650762,-0.9224114351300475,0.0,0.0,-0.38620867978506945
11.400000000000095,0.0,0.0,0.17345440223235395,0.0,0.0,19.826101888452325,-0.9215636276198396,0.0,0.0,-0.3882273563881886
11.425000000000095,0.0,0.0,0.17175534097856848,0.0,0.0,19.573954410041136,-0.9207197166681488,0.0,0.0,-0.39022455501739445
11.450000000000095,0.0,0.0,0.17006180565933293,0.0,0.0,19.32198125963253,-0.9198798072486745,0.0,0.0,-0.39220038273329316
11.475000000000096,0.0,0.0,0.1683738893367103,0.0,0.0,19.070180087729806,-0.9190440018970555,0.0,0.0,-0.39415494742175355
11.500000000000096,0.0,0.0,0.16669168883905397,0.0,0.0,18.81854855103346,-0.9182124007003191,0.0,0.0,-0.39608835781951063
11.525000000000096,0.0,0.0,0.16501530490914457,0.0,0.0,18.56708431235089,-0.9173851012853853,0.0,0.0,-0.3980007235415573
11.550000000000097,0.0,0.0,0.16334484235919336,0.0,0.0,18.3157850405066,-0.916562198806587,0.0,0.0,-0.39989215511039305
11.575000000000097,0.0,0.0,0.1616804102330685,0.0,0.0,18.064648410252847,-0.9157437859321593,0.0,0.0,-0.401762763987201
11.600000000000097,0.0,0.0,0.16002212197612,0.0,0.0,17.813672102180746,-0.914929952829657,0.0,0.0,-0.4036126626050299
11.625000000000098,0.0,0.0,0.15837009561300183,0.0,0.0,17.562853802631842,-0.9141207871502419,0.0,0.0,-0.4054419644040589
11.650000000000098,0.0,0.0,0.156724453933912,0.0,0.0,17.312191203610112,-0.9133163740117988,0.0,0.0,-0.4072507838690309
11.675000000000098,0.0,0.0,0.1550853246896963,0.0,0.0,17.0616820026944,-0.9125167959808176,0.0,0.0,-0.4090392365689417
11.700000000000099,0.0,0.0,0.15345284079628738,0.0,0.0,16.8113239029513,-0.9117221330529905,0.0,0.0,-0.4108074391990791
11.7250000000001,0.0,0.0,0.15182714054897842,0.0,0.0,16.56111461284844,-0.9109324626324591,0.0,0.0,-0.4125555096255089
11.7500000000001,0.0,0.0,0.15020836784706035,0.0,0.0,16.31105184616818,-0.9101478595096538,0.0,0.0,-0.41428356693211416
11.7750000000001,0.0,0.0,0.14859667242938293,0.0,0.0,16.061133321921744,-0.9093683958376536,0.0,0.0,-0.4159917314702933
11.8000000000001,0.0,0.0,0.14699221012143332,0.0,0.0,15.811356764263722,-0.908594141107,0.0,0.0,-0.4176801249114366
11.8250000000001,0.0,0.0,0.14539514309456147,0.0,0.0,15.561719902406978,-0.9078251621188882,0.0,0.0,-0.419348870302299
11.850000000000101,0.0,0.0,0.14380564013801958,0.0,0.0,15.31222047053794,-0.9070615229566605,0.0,0.0,-0.420998092123401
11.875000000000101,0.0,0.0,0.1422238769445232,0.0,0.0,15.06285620773228,-0.9063032849555154,0.0,0.0,-0.42262791635059044
11.900000000000102,0.0,0.0,0.14065003641008497,0.0,0.0,14.813624857870956,-0.9055505066703495,0.0,0.0,-0.4242384705199106
11.925000000000102,0.0,0.0,0.1390843089489172,0.0,0.0,14.564524169556622,-0.9048032438416377,0.0,0.0,-0.42582988379592396
11.950000000000102,0.0,0.0,0.13752689282424946,0.0,0.0,14.315551896030398,-0.9040615493592542,0.0,0.0,-0.42740228704365263
11.975000000000103,0.0,0.0,0.1359779944959586,0.0,0.0,14.066705795088993,-0.9033254732241354,0.0,0.0,-0.42895581290430357
12.000000000000103,0.0,0.0,0.13443782898596549,0.0,0.0,13.817983629002175,-0.9025950625076699,0.0,0.0,-0.4304905958749567
12.025000000000103,0.0,0.0,0.13290662026241107,0.0,0.0,13.56938316443058,-0.9018703613087067,0.0,0.0,-0.4320067723924042
12.050000000000104,0.0,0.0,0.13138460164368906,0.0,0.0,13.320902172343846,-0.9011514107080558,0.0,0.0,-0.4335044809213405
12.075000000000104,0.0,0.0,0.12987201622347994,0.0,0.0,13.072538427939088,-0.9004382487203542,0.0,0.0,-0.4349838620471128
12.100000000000104,0.0,0.0,0.12836911731800327,0.0,0.0,12.824289710559677,-0.8997309102431612,0.0,0.0,-0.43644505857325583
12.125000000000105,0.0,0.0,0.12687616893678383,0.0,0.0,12.576153803614343,-0.8990294270031378,0.0,0.0,-0.43788821562404473
12.150000000000105,0.0,0.0,0.1253934462783089,0.0,0.0,12.328128494496582,-0.8983338274991564,0.0,0.0,-0.43931348075231663
12.175000000000106,0.0,0.0,0.12392123625204347,0.0,0.0,12.08021157450436,-0.8976441369421797,0.0,0.0,-0.44072100405282405
12.200000000000106,0.0,0.0,0.12245983802836488,0.0,0.0,11.832400838760119,-0.8969603771917357,0.0,0.0,-0.4421109382813991
12.225000000000106,0.0,0.0,0.12100956361807985,0.0,0.0,11.584694086131062,-0.8962825666888058,0.0,0.0,-0.4434834389802243
12.250000000000107,0.0,0.0,0.1195707384832958,0.0,0.0,11.337089119149727,-0.8956107203849316,0.0,0.0,-0.44483866460952315
12.275000000000107,0.0,0.0,0.1181437021815345,0.0,0.0,11.089583743934833,-0.8949448496673355,0.0,0.0,-0.44617677668600164
12.300000000000107,0.0,0.0,0.1167288090451012,0.0,0.0,10.842175770112394,-0.894284962279834,0.0,0.0,-0.44749793992839315
12.325000000000108,0.0,0.0,0.11532642889785583,0.0,0.0,10.594863010737102,-0.8936310622393123,0.0,0.0,-0.44880232241047757
12.350000000000108,0.0,0.0,0.11393694781167614,0.0,0.0,10.347643282213962,-0.8929831497475115,0.0,0.0,-0.45009009572197134
12.375000000000108,0.0,0.0,0.11256076890505659,0.0,0.0,10.100514404220183,-0.8923412210978656,0.0,0.0,-0.4513614351377066
12.400000000000109,0.0,0.0,0.11119831318645113,0.0,0.0,9.853474199627305,-0.8917052685771073,0.0,0.0,-0.4526165197955428
12.425000000000109,0.0,0.0,0.10985002044514548,0.0,0.0,9.60652049442358,-0.8910752803613444,0.0,0.0,-0.4538555328834843
12.45000000000011,0.0,0.0,0.10851635019263386,0.0,0.0,9.359651117636567,-0.8904512404062889,0.0,0.0,-0.45507866183650225
12.47500000000011,0.0,0.0,0.10719778265767921,0.0,0.0,9.11286390125598,-0.889833128331299,0.0,0.0,-0.45628609854359364
12.50000000000011,0.0,0.0,0.10589481983845485,0.0,0.0,8.866156680156726,-0.8892209192968742,0.0,0.0,-0.4574780395656406
12.52500000000011,0.0,0.0,0.10460798661540097,0.0,0.0,8.61952729202219,-0.8886145838752175,0.0,0.0,-0.4586546863646702
12.55000000000011,0.0,0.0,0.10333783192868176,0.0,0.0,8.372973577267706,-0.8880140879134529,0.0,0.0,-0.45981624554515077
12.575000000000111,0.0,0.0,0.10208493002440161,0.0,0.0,8.126493378964243,-0.8874193923890613,0.0,0.0,-0.4609629291080021
12.600000000000112,0.0,0.0,0.1008498817740306,0.0,0.0,7.8800845427622885,-0.8868304532570658,0.0,0.0,-0.4620949547180398
12.625000000000112,0.0,0.0,0.09963331607180476,0.0,0.0,7.633744916815922,-0.8862472212884636,0.0,0.0,-0.463212545985617
12.650000000000112,0.0,0.0,0.09843589131520487,0.0,0.0,7.387472351707077,-0.8856696418993738,0.0,0.0,-0.4643159327632803
12.675000000000113,0.0,0.0,0.09725829697398296,0.0,0.0,7.141264700369981,-0.8850976549703271,0.0,0.0,-0.4654053514583043
12.700000000000113,0.0,0.0,0.0961012552535977,0.0,0.0,6.895119818015778,-0.8845311946550838,0.0,0.0,-0.4664810453620278
12.725000000000113,0.0,0.0,0.09496552285934415,0.0,0.0,6.64903556205731,-0.8839701891783289,0.0,0.0,-0.4675432649969724
12.750000000000114,0.0,0.0,0.0938518928679191,0.0,0.0,6.40300979203407,-0.8834145606215418,0.0,0.0,-0.46859226848279106
12.775000000000114,0.0,0.0,0.09276119671365556,0.0,0.0,6.157040369537315,-0.8828642246962883,0.0,0.0,-0.4696283219221577
12.800000000000114,0.0,0.0,0.0916943062971908,0.0,0.0,5.911125158135321,-0.8823190905041332,0.0,0.0,-0.4706516998077874
12.825000000000115,0.0,0.0,0.09065213622490545,0.0,0.0,5.665262023298799,-0.8817790602823068,0.0,0.0,-0.47166268545185114
12.850000000000115,0.0,0.0,0.08963564618808886,0.0,0.0,5.4194488323264425,-0.8812440291342052,0.0,0.0,-0.4726615714391347
12.875000000000115,0.0,0.0,0.08864584349145492,0.0,0.0,5.173683454270617,-0.8807138847437227,0.0,0.0,-0.4736486601053791
12.900000000000116,0.0,0.0,0.08768378574135283,0.0,0.0,4.927963759863174,-0.8801885070723583,0.0,0.0,-0.4746242640423403
12.925000000000116,0.0,0.0,0.086750583704798,0.0,0.0,4.6822876214413975,-0.8796677680379441,0.0,0.0,-0.475588706631204
12.950000000000117,0.0,0.0,0.08584740435129094,0.0,0.0,4.436652912874062,-0.8791515311737668,0.0,0.0,-0.47654232260610524
12.975000000000117,0.0,0.0,0.08497547409030354,0.0,0.0,4.191057509487614,-0.8786396512667538,0.0,0.0,-0.47748545864961917
13.000000000000117,0.0,0.0,0.08413608221829937,0.0,0.0,3.945499287992451,-0.8781319739733039,0.0,0.0,-0.4784184740222193
13.025000000000118,0.0,0.0,0.08333058459022188,0.0,0.0,3.6999761264093145,-0.8776283354112212,0.0,0.0,-0.4793417412278312
13.050000000000118,0.0,0.0,0.08256040753154097,0.0,0.0,3.454485903995772,-0.8771285617261048,0.0,0.0,-0.48025564671776094
13.075000000000118,0.0,0.0,0.08182705200820073,0.0,0.0,3.2090265011727968,-0.8766324686304071,0.0,0.0,-0.48116059163543146
13.100000000000119,0.0,0.0,0.08113209807316901,0.0,0.0,2.963595799451432,-0.8761398609132433,0.0,0.0,-0.482056992604529
13.125000000000119,0.0,0.0,0.08047720960976026,0.0,0.0,2.718191681359537,-0.8756505319188762,0.0,0.0,-0.48294528256334485
13.15000000000012,0.0,0.0,0.0798641393934996,0.0,0.0,2.4728120303686096,-0.8751642629916404,0.0,0.0,-0.48382591164829014
13.17500000000012,0.0,0.0,0.07929473449602711,0.0,0.0,2.22745473082068,-0.8746808228848837,0.0,0.0,-0.4846993481297688
13.20000000000012,0.0,0.0,0.07877094205642114,0.0,0.0,1.9821176678552666,-0.8741999671313189,0.0,0.0,-0.4855660794038243
13.22500000000012,0.0,0.0,0.07829481544735949,0.0,0.0,1.736798727336397,-0.8737214373719536,0.0,0.0,-0.48642661304320867
13.25000000000012,0.0,0.0,0.07786852086575471,0.0,0.0,1.491495795779679,-0.8732449606405431,0.0,0.0,-0.48728147791178805
13.275000000000121,0.0,0.0,0.07749434437990826,0.0,0.0,1.246206760279424,-0.8727702486002539,0.0,0.0,-0.4881312253464749
13.300000000000122,0.0,0.0,0.07717469946784737,0.0,0.0,1.0009295084358112,-0.8722969967289494,0.0,0.0,-0.48897643041117533
13.325000000000122,0.0,0.0,0.07691213508435685,0.0,0.0,0.7556619282820938,-0.871824883449209,0.0,0.0,-0.48981769322756535
13.350000000000122,0.0,-8.722456584916303e-15,0.07670934429731745,-1.366031793265064e-13,0.0,0.5104019082118357,-0.8713535691988568,0.0,0.0,-0.49065564038785187
13.375000000000123,-1.6523356081875192e-17,-1.4574755842749543e-14,0.0765691735373358,-2.2875747807779117e-13,2.6196850787662943e-16,0.26514733690617764,-0.8708826954374252,-5.349650692481988e-17,9.500425229345286e-17,-0.49149092645505144
13.400000000000123,-4.4006740223620743e-17,-1.7569818212385882e-14,0.07649463250832494,-2.766442278814741e-13,6.99778197772069e-16,0.01989610326112512,-0.8704118835835696,-1.4276764090794437e-16,2.538181349934226e-16,-0.4923242355567137
13.425000000000123,-7.699896523620525e-17,-1.7720492277805457e-14,0.07648890481069653,-2.8037357015219345e-13,1.2291364823599148e-15,-0.2253539036851461,-0.869940733878029,-2.501716216147289e-16,4.453874952306111e-16,-0.49315628307845405
