# Time (s),Altitude (m),Vertical velocity (m/s),Total velocity (m/s),Vertical acceleration (m/s²),Angle of attack (°),Roll rate (°/s),Mass (g),Longitudinal moment of inertia (kg·m²),CP location (cm),CG location (cm),Stability margin calibers (​),Thrust (N),Drag force (N),Drag coefficient (​),Normal force coefficient (​),Corrective moment Coefficient ()
0,0,0,0,0,90,0,2943.655,0.327,NaN,67.547,NaN,0,0,0.755,NaN,NaN
0.01,8.854e-4,0.282,0.282,62.931,81.995,0,2942.564,0.327,NaN,67.536,NaN,213.993,5.803e-5,0.754,NaN,NaN
0.016,0.004,0.791,0.791,106.591,68.49,0,2941.91,0.327,NaN,67.529,NaN,342.389,0.001,0.747,NaN,NaN
0.025,0.015,1.731,1.731,102.321,49.226,0,2940.078,0.326,NaN,67.511,NaN,329.629,0.008,0.723,NaN,NaN
0.035,0.038,2.73,2.73,97.568,36.323,0,2938.041,0.326,NaN,67.49,NaN,315.452,0.022,0.698,NaN,NaN
0.045,0.07,3.682,3.682,92.808,28.612,0,2936.005,0.326,NaN,67.469,NaN,301.274,0.041,0.677,NaN,NaN
0.048,0.081,3.958,3.958,91.378,26.909,0,2935.394,0.326,NaN,67.463,NaN,297.021,0.047,0.672,NaN,NaN
0.052,0.1,4.371,4.371,91.871,24.606,0,2934.516,0.326,NaN,67.454,NaN,298.388,0.056,0.665,NaN,NaN
0.059,0.132,4.993,4.993,92.61,21.639,0,2933.198,0.326,NaN,67.441,NaN,300.439,0.072,0.655,NaN,NaN
0.069,0.186,5.925,5.925,93.706,18.22,0,2931.245,0.326,NaN,67.421,NaN,303.477,0.097,0.642,NaN,NaN
0.079,0.25,6.867,6.867,94.803,15.617,0,2929.293,0.325,NaN,67.401,NaN,306.515,0.124,0.632,NaN,NaN
0.089,0.324,7.821,7.821,95.901,13.579,0,2927.34,0.325,NaN,67.381,NaN,309.552,0.152,0.622,NaN,NaN
0.099,0.407,8.785,8.785,97,11.944,0,2925.387,0.325,NaN,67.362,NaN,312.59,0.183,0.614,NaN,NaN
0.111,0.517,9.933,9.933,98.291,10.551,0,2923.093,0.325,NaN,67.338,NaN,316.16,0.222,0.606,NaN,NaN
0.121,0.621,10.919,10.919,99.02,9.588,0,2921.041,0.325,NaN,67.317,NaN,318.104,0.258,0.6,NaN,NaN
0.13,0.725,11.829,11.829,99.687,8.839,0,2919.162,0.324,NaN,67.298,NaN,319.884,0.295,0.596,NaN,NaN
0.139,0.829,12.674,12.674,100.303,8.238,0,2917.427,0.324,NaN,67.28,NaN,321.527,0.333,0.596,NaN,NaN
0.147,0.932,13.468,13.468,100.877,7.74,0,2915.808,0.324,NaN,67.263,NaN,323.061,0.371,0.596,NaN,NaN
0.154,1.034,14.219,14.219,101.417,7.362,0,2914.285,0.324,80.754,67.248,1.715,324.504,0.409,0.596,1.835,1.163
0.165,1.199,15.353,15.353,102.226,6.895,0.334,2911.999,0.324,80.965,67.224,1.745,326.668,0.471,0.596,1.7,1.365
0.173,1.324,16.167,16.167,102.803,6.596,0.604,2910.371,0.323,81.103,67.208,1.765,328.211,0.518,0.596,1.615,1.519
0.185,1.524,17.39,17.39,102.773,6.194,1.062,2907.885,0.323,81.292,67.182,1.792,327.92,0.593,0.596,1.502,1.768
0.202,1.836,19.147,19.147,102.728,5.683,1.841,2904.315,0.323,81.539,67.145,1.828,327.502,0.71,0.596,1.361,2.159
0.228,2.361,21.774,21.774,102.124,4.931,3.306,2899.007,0.322,81.916,67.09,1.883,325.345,0.901,0.596,1.159,2.823
0.261,3.144,25.167,25.167,101.325,4.077,5.571,2892.102,0.322,82.363,67.018,1.949,322.54,1.182,0.596,0.938,3.82
0.284,3.756,27.509,27.509,100.259,3.493,6.798,2887.407,0.321,82.682,66.969,1.996,319.155,1.396,0.597,0.792,4.604
0.319,4.776,30.976,30.976,98.642,2.841,8.554,2880.365,0.32,83.052,66.895,2.052,314.078,1.751,0.597,0.633,5.901
0.334,5.248,32.441,32.441,97.943,2.62,9.347,2877.354,0.32,83.181,66.863,2.072,311.907,1.915,0.597,0.581,6.499
0.356,5.998,34.63,34.63,97.95,2.307,10.569,2872.924,0.32,83.367,66.816,2.102,311.714,2.173,0.597,0.507,7.449
0.39,7.214,37.914,37.914,97.944,1.878,12.446,2866.278,0.319,83.628,66.746,2.144,311.424,2.593,0.597,0.408,9.004
0.425,8.618,41.382,41.382,97.916,1.335,14.451,2859.259,0.318,83.967,66.671,2.197,311.118,3.075,0.598,0.286,10.828
0.461,10.142,44.842,44.842,97.86,0.787,16.441,2852.255,0.318,84.321,66.596,2.251,310.812,3.6,0.598,0.166,12.833
0.498,11.885,48.497,48.498,97.767,0.266,18.51,2844.85,0.317,84.668,66.517,2.305,310.489,4.206,0.599,0.055,15.151
0.535,13.722,52.062,52.065,97.483,0.333,20.485,2837.653,0.316,84.631,66.439,2.31,309.742,4.851,0.599,0.069,17.538
0.572,15.742,55.711,55.717,97.155,0.825,22.456,2830.264,0.315,84.318,66.358,2.281,308.976,5.569,0.6,0.174,20.111
0.602,17.456,58.62,58.629,96.876,1.118,23.993,2824.355,0.315,84.138,66.294,2.266,308.363,6.18,0.6,0.238,22.313
0.641,19.844,62.439,62.454,96.689,1.365,25.965,2816.615,0.314,83.991,66.209,2.258,308.091,7.031,0.601,0.293,25.414
0.677,22.153,65.914,65.937,96.536,1.373,27.72,2809.557,0.313,83.996,66.131,2.269,307.844,7.845,0.601,0.295,28.473
0.705,24.007,68.574,68.604,96.439,1.262,29.041,2804.15,0.312,84.072,66.071,2.286,307.654,8.492,0.602,0.271,30.969
0.737,26.249,71.662,71.7,96.759,1.024,30.549,2797.857,0.312,84.231,66.001,2.315,308.588,9.27,0.603,0.218,34.042
0.773,28.878,75.135,75.182,97.131,0.733,32.217,2790.806,0.311,84.428,65.922,2.35,309.635,10.186,0.603,0.155,37.698
0.802,31.114,77.977,78.031,97.439,0.461,33.56,2785.056,0.31,84.613,65.858,2.382,310.489,10.969,0.604,0.097,40.856
0.846,34.613,82.234,82.297,97.439,0.099,35.548,2776.417,0.309,84.867,65.76,2.427,310.489,12.21,0.605,0.021,45.845
0.89,38.345,86.542,86.612,97.38,0.479,37.531,2767.672,0.308,84.629,65.661,2.409,310.489,13.547,0.606,0.101,50.984
0.902,39.399,87.719,87.791,97.352,0.554,38.068,2765.281,0.308,84.584,65.633,2.407,310.489,13.926,0.606,0.117,52.451
0.92,41.006,89.482,89.555,97.018,0.648,38.87,2761.719,0.308,84.53,65.593,2.405,309.702,14.503,0.607,0.137,54.696
0.947,43.476,92.114,92.19,96.495,0.711,40.06,2756.376,0.307,84.498,65.531,2.409,308.521,15.384,0.607,0.151,58.176
0.977,46.273,94.99,95.068,95.895,0.693,41.352,2750.505,0.307,84.521,65.464,2.42,307.224,16.373,0.608,0.147,62.15
1,48.46,97.167,97.247,95.418,0.601,42.323,2746.035,0.306,84.589,65.412,2.435,306.236,17.139,0.608,0.127,65.291
1.025,50.919,99.599,99.681,99.137,0.44,43.381,2741.074,0.305,84.704,65.354,2.457,316.869,18.013,0.609,0.093,68.927
1.057,54.157,102.722,102.809,96.062,0.169,44.74,2734.696,0.305,84.896,65.28,2.491,309.072,19.173,0.61,0.035,73.795
1.1,58.662,106.84,106.934,95.439,0.2,46.533,2726.241,0.304,84.892,65.181,2.503,308.363,20.777,0.611,0.042,80.346
1.139,62.902,110.621,110.725,98.453,0.489,48.133,2718.468,0.303,84.718,65.09,2.493,317.578,22.321,0.612,0.104,86.537
1.168,66.154,113.451,113.564,96.607,0.548,49.326,2712.69,0.302,84.692,65.021,2.498,313.215,23.511,0.613,0.116,91.424
1.193,68.986,115.819,115.94,95.072,0.482,50.328,2707.771,0.302,84.746,64.963,2.513,309.5,24.523,0.614,0.102,95.694
1.205,70.415,116.981,117.106,94.318,0.425,50.819,2705.327,0.301,84.789,64.934,2.522,307.654,25.027,0.614,0.09,97.846
1.223,72.585,118.714,118.845,93.952,0.322,51.545,2701.74,0.301,84.865,64.891,2.537,306.952,25.786,0.615,0.068,101.113
1.251,75.899,121.302,121.44,93.415,0.115,52.615,2696.36,0.3,85.015,64.826,2.564,305.899,26.943,0.616,0.024,106.136
1.292,81.005,125.155,125.301,92.591,0.255,54.186,2688.289,0.299,84.942,64.729,2.567,304.32,28.735,0.617,0.054,113.649
1.298,81.699,125.668,125.814,92.475,0.293,54.393,2687.21,0.299,84.919,64.716,2.566,304.109,28.979,0.617,0.062,114.662
1.306,82.746,126.44,126.587,93.394,0.335,54.703,2685.569,0.299,84.895,64.696,2.565,306.743,29.347,0.618,0.071,116.206
1.319,84.329,127.612,127.761,94.764,0.377,55.166,2683.108,0.299,84.874,64.666,2.566,310.695,29.911,0.618,0.08,118.584
1.336,86.542,129.261,129.412,96.645,0.395,55.809,2679.704,0.298,84.871,64.625,2.571,316.16,30.71,0.619,0.084,121.998
1.362,89.916,131.724,131.877,93.931,0.358,56.775,2674.633,0.298,84.908,64.563,2.584,309.575,31.923,0.619,0.076,127.24
1.39,93.607,134.29,134.446,90.985,0.245,57.793,2669.19,0.297,84.996,64.497,2.603,302.506,33.212,0.62,0.052,132.898
1.4,95.008,135.231,135.388,89.871,0.182,58.165,2667.149,0.297,85.043,64.472,2.613,299.856,33.691,0.621,0.038,135.026
1.416,97.129,136.63,136.79,89.465,0.07,58.715,2664.187,0.297,85.126,64.435,2.628,299.303,34.412,0.621,0.015,138.234
1.439,100.352,138.716,138.881,88.841,0.121,59.523,2659.744,0.296,85.104,64.38,2.632,298.474,35.508,0.622,0.026,142.981
1.474,105.276,141.819,141.993,87.912,0.285,60.705,2653.079,0.295,85.013,64.298,2.631,297.229,37.18,0.623,0.061,150.183
1.5,108.976,144.086,144.268,87.264,0.293,61.559,2648.165,0.295,85.021,64.237,2.64,296.312,38.425,0.624,0.062,155.658
1.528,113.038,146.527,146.717,87.419,0.224,62.463,2642.871,0.294,85.082,64.171,2.656,297.501,39.782,0.625,0.047,161.738
1.55,116.29,148.456,148.652,87.564,0.111,63.168,2638.695,0.294,85.168,64.119,2.673,298.438,40.871,0.626,0.023,166.676
1.583,121.247,151.386,151.589,89.62,0.118,64.215,2632.32,0.293,85.182,64.038,2.685,304.69,42.565,0.627,0.025,174.245
1.595,123.06,152.46,152.664,90.35,0.179,64.594,2630.02,0.293,85.148,64.009,2.685,306.945,43.197,0.628,0.038,177.031
1.613,125.803,154.057,154.264,88.17,0.241,65.16,2626.586,0.292,85.117,63.966,2.686,301.74,44.147,0.628,0.051,181.248
1.634,129.073,155.89,156.1,85.576,0.252,65.815,2622.537,0.292,85.122,63.915,2.693,295.603,45.247,0.629,0.054,186.213
1.652,131.893,157.378,157.589,79.667,0.208,66.353,2619.234,0.291,85.16,63.873,2.704,280.716,46.147,0.63,0.044,190.334
1.679,136.171,159.463,159.679,74.836,0.09,67.107,2614.644,0.291,85.253,63.814,2.723,269.053,47.425,0.631,0.019,196.238
1.716,142.121,162.11,162.331,68.188,0.139,68.045,2608.355,0.29,85.238,63.734,2.731,253.07,49.08,0.632,0.03,203.821
1.743,146.521,163.795,164.023,56.709,0.235,68.658,2604.253,0.289,85.186,63.681,2.731,224.006,50.152,0.633,0.05,208.717
1.772,151.229,165.221,165.455,42.948,0.202,69.201,2600.811,0.289,85.218,63.636,2.741,188.781,51.058,0.633,0.043,212.967
1.8,155.935,166.248,166.487,29.407,0.065,69.613,2597.395,0.289,85.316,63.592,2.759,153.827,51.707,0.634,0.014,216.225
1.843,163.036,167.179,167.42,14.343,0.162,70.003,2594.463,0.288,85.258,63.554,2.756,114.885,52.292,0.634,0.035,218.99
1.882,169.636,167.47,167.711,0.446,0.214,70.18,2591.748,0.288,85.226,63.519,2.757,78.827,52.459,0.634,0.046,219.991
1.9,172.647,167.421,167.661,-5.883,0.164,70.203,2590.51,0.288,85.258,63.503,2.763,62.381,52.411,0.634,0.035,219.983
1.927,177.161,167.179,167.419,-12.094,0.029,70.17,2589.798,0.288,85.346,63.494,2.775,46.264,52.221,0.634,0.006,219.383
1.967,183.913,166.502,166.744,-21.314,0.214,70.007,2588.729,0.287,85.219,63.48,2.761,22.087,51.747,0.634,0.046,217.402
1.97,184.339,166.447,166.689,-21.891,0.218,69.993,2588.661,0.287,85.216,63.479,2.761,20.558,51.709,0.634,0.047,217.247
1.973,184.755,166.376,166.617,-29.796,0.221,69.979,2588.655,0.287,85.214,63.479,2.76,0,51.66,0.634,0.047,217.041
1.976,185.379,166.264,166.506,-29.767,0.223,69.955,2588.655,0.287,85.212,63.479,2.76,0,51.584,0.634,0.048,216.718
1.982,186.314,166.097,166.339,-29.723,0.221,69.915,2588.655,0.287,85.211,63.479,2.76,0,51.47,0.634,0.047,216.238
1.99,187.714,165.846,166.089,-29.652,0.21,69.849,2588.655,0.287,85.217,63.479,2.761,0,51.298,0.634,0.045,215.526
2.003,189.811,165.472,165.715,-29.534,0.168,69.74,2588.655,0.287,85.242,63.479,2.764,0,51.041,0.633,0.036,214.478
2.022,192.947,164.913,165.156,-29.339,0.054,69.569,2588.655,0.287,85.315,63.479,2.773,0,50.662,0.633,0.011,212.947
2.05,197.631,164.082,164.323,-29.058,0.124,69.305,2588.655,0.287,85.262,63.479,2.766,0,50.107,0.633,0.027,210.545
2.093,204.614,162.848,163.086,-28.732,0.167,68.903,2588.655,0.287,85.225,63.479,2.762,0,49.278,0.632,0.036,207.037
2.136,211.517,161.631,161.867,-28.462,0.045,68.504,2588.655,0.287,85.298,63.479,2.771,0,48.467,0.632,0.01,203.705
2.186,219.563,160.215,160.451,-28.155,0.115,68.037,2588.655,0.287,85.242,63.479,2.764,0,47.544,0.631,0.025,199.762
2.236,227.539,158.816,159.052,-27.795,0.096,67.573,2588.655,0.287,85.246,63.479,2.764,0,46.64,0.63,0.02,195.961
2.286,235.445,157.436,157.67,-27.413,0.044,67.11,2588.655,0.287,85.271,63.479,2.768,0,45.757,0.63,0.009,192.266
2.336,243.283,156.075,156.306,-27.065,0.109,66.65,2588.655,0.287,85.219,63.479,2.761,0,44.897,0.629,0.023,188.601
2.386,251.053,154.729,154.959,-26.773,0.024,66.191,2588.655,0.287,85.268,63.479,2.767,0,44.05,0.629,0.005,185.094
2.436,258.756,153.397,153.627,-26.474,0.084,65.734,2588.655,0.287,85.219,63.479,2.761,0,43.227,0.628,0.018,181.597
2.486,266.393,152.082,152.311,-26.153,0.064,65.279,2588.655,0.287,85.224,63.479,2.762,0,42.419,0.628,0.014,178.218
2.536,273.964,150.782,151.01,-25.819,0.052,64.827,2588.655,0.287,85.224,63.479,2.762,0,41.633,0.627,0.011,174.913
2.586,281.471,149.499,149.725,-25.523,0.076,64.377,2588.655,0.287,85.2,63.479,2.759,0,40.862,0.627,0.016,171.666
2.636,288.914,148.23,148.454,-25.251,0.022,63.929,2588.655,0.287,85.228,63.479,2.762,0,40.109,0.626,0.005,168.526
2.686,296.294,146.974,147.197,-24.969,0.043,63.486,2588.655,0.287,85.207,63.479,2.759,0,39.377,0.626,0.009,165.424
2.736,303.612,145.733,145.955,-24.691,0.051,63.045,2588.655,0.287,85.194,63.479,2.758,0,38.661,0.625,0.011,162.394
2.786,310.868,144.505,144.726,-24.424,0.02,62.605,2588.655,0.287,85.208,63.479,2.76,0,37.956,0.625,0.004,159.448
2.836,318.063,143.29,143.511,-24.166,0.063,62.165,2588.655,0.287,85.172,63.479,2.755,0,37.264,0.624,0.013,156.532
2.886,325.197,142.089,142.309,-23.877,0.056,61.73,2588.655,0.287,85.169,63.479,2.755,0,36.594,0.624,0.012,153.702
2.936,332.272,140.902,141.12,-23.622,0.049,61.298,2588.655,0.287,85.167,63.479,2.754,0,35.934,0.623,0.01,150.932
2.986,339.287,139.726,139.943,-23.392,0.044,60.867,2588.655,0.287,85.164,63.479,2.754,0,35.287,0.623,0.009,148.218
3.036,346.245,138.562,138.779,-23.164,0.07,60.437,2588.655,0.287,85.14,63.479,2.751,0,34.652,0.622,0.015,145.55
3.086,353.144,137.41,137.626,-22.921,0.058,60.009,2588.655,0.287,85.141,63.479,2.751,0,34.029,0.622,0.012,142.95
3.136,359.986,136.271,136.486,-22.67,0.04,59.583,2588.655,0.287,85.147,63.479,2.752,0,33.418,0.621,0.008,140.408
3.186,366.771,135.143,135.358,-22.417,0.082,59.159,2588.655,0.287,85.112,63.479,2.747,0,32.823,0.621,0.017,137.896
3.236,373.5,134.028,134.241,-22.201,0.049,58.739,2588.655,0.287,85.128,63.479,2.749,0,32.237,0.62,0.01,135.462
3.286,380.174,132.923,133.135,-22,0.041,58.32,2588.655,0.287,85.128,63.479,2.749,0,31.663,0.62,0.009,133.069
3.336,386.793,131.828,132.04,-21.779,0.023,57.906,2588.655,0.287,85.134,63.479,2.75,0,31.107,0.62,0.005,130.728
3.386,393.357,130.745,130.956,-21.573,0.024,57.494,2588.655,0.287,85.128,63.479,2.749,0,30.558,0.619,0.005,128.427
3.436,399.867,129.671,129.882,-21.368,0.042,57.084,2588.655,0.287,85.11,63.479,2.747,0,30.02,0.619,0.009,126.165
3.486,406.324,128.608,128.818,-21.148,0.04,56.677,2588.655,0.287,85.106,63.479,2.747,0,29.495,0.619,0.008,123.955
3.536,412.728,127.556,127.765,-20.943,0.063,56.274,2588.655,0.287,85.085,63.479,2.744,0,28.981,0.618,0.013,121.78
3.586,419.08,126.514,126.721,-20.763,0.026,55.872,2588.655,0.287,85.104,63.479,2.746,0,28.474,0.618,0.005,119.667
3.636,425.38,125.48,125.687,-20.589,0.071,55.471,2588.655,0.287,85.068,63.479,2.742,0,27.977,0.617,0.015,117.568
3.686,431.628,124.455,124.663,-20.387,0.011,55.074,2588.655,0.287,85.104,63.479,2.746,0,27.493,0.617,0.002,115.542
3.736,437.826,123.441,123.647,-20.198,0.023,54.68,2588.655,0.287,85.091,63.479,2.745,0,27.016,0.617,0.005,113.533
3.786,443.973,122.436,122.642,-20.004,0.071,54.288,2588.655,0.287,85.053,63.479,2.74,0,26.551,0.616,0.015,111.551
3.836,450.069,121.44,121.645,-19.83,0.058,53.9,2588.655,0.287,85.057,63.479,2.74,0,26.095,0.616,0.012,109.625
3.886,456.117,120.452,120.656,-19.686,0.069,53.512,2588.655,0.287,85.045,63.479,2.739,0,25.642,0.616,0.015,107.727
3.936,462.115,119.472,119.676,-19.52,0.09,53.125,2588.655,0.287,85.026,63.479,2.737,0,25.201,0.615,0.019,105.861
3.986,468.064,118.5,118.705,-19.341,0.044,52.742,2588.655,0.287,85.052,63.479,2.74,0,24.766,0.615,0.009,104.049
4.036,473.965,117.538,117.742,-19.17,0.02,52.358,2588.655,0.287,85.064,63.479,2.741,0,24.336,0.615,0.004,102.263
4.086,479.818,116.583,116.787,-18.993,0.062,51.977,2588.655,0.287,85.031,63.479,2.737,0,23.918,0.614,0.013,100.493
4.136,485.623,115.638,115.841,-18.833,0.065,51.598,2588.655,0.287,85.025,63.479,2.736,0,23.505,0.614,0.014,98.765
4.186,491.382,114.7,114.902,-18.68,0.049,51.221,2588.655,0.287,85.031,63.479,2.737,0,23.102,0.614,0.01,97.074
4.236,497.094,113.77,113.971,-18.527,0.06,50.85,2588.655,0.287,85.02,63.479,2.736,0,22.709,0.614,0.013,95.407
4.286,502.759,112.847,113.047,-18.385,0.038,50.482,2588.655,0.287,85.03,63.479,2.737,0,22.324,0.613,0.008,93.779
4.336,508.378,111.931,112.131,-18.254,0.055,50.115,2588.655,0.287,85.014,63.479,2.735,0,21.944,0.613,0.012,92.171
4.386,513.952,111.022,111.222,-18.119,0.096,49.75,2588.655,0.287,84.983,63.479,2.731,0,21.571,0.613,0.02,90.586
4.436,519.481,110.119,110.32,-17.984,0.133,49.384,2588.655,0.287,84.954,63.479,2.727,0,21.2,0.612,0.028,89.028
4.486,524.964,109.224,109.425,-17.822,0.041,49.018,2588.655,0.287,85.012,63.479,2.735,0,20.837,0.612,0.009,87.529
4.536,530.403,108.337,108.538,-17.665,0.069,48.656,2588.655,0.287,84.989,63.479,2.732,0,20.48,0.612,0.014,86.028
4.586,535.798,107.457,107.657,-17.516,0.144,48.296,2588.655,0.287,84.935,63.479,2.725,0,20.132,0.612,0.03,84.543
4.636,541.149,106.585,106.783,-17.399,0.063,47.938,2588.655,0.287,84.985,63.479,2.731,0,19.785,0.611,0.013,83.118
4.686,546.457,105.718,105.916,-17.28,0.021,47.58,2588.655,0.287,85.01,63.479,2.734,0,19.447,0.611,0.004,81.709
4.736,551.721,104.857,105.054,-17.152,0.019,47.229,2588.655,0.287,85.008,63.479,2.734,0,19.12,0.611,0.004,80.316
4.786,556.942,104.002,104.2,-17.032,0.023,46.881,2588.655,0.287,85.002,63.479,2.733,0,18.796,0.611,0.005,78.944
4.836,562.121,103.153,103.351,-16.924,0.105,46.531,2588.655,0.287,84.943,63.479,2.726,0,18.474,0.61,0.022,77.578
4.886,567.258,102.31,102.508,-16.802,0.104,46.182,2588.655,0.287,84.94,63.479,2.726,0,18.158,0.61,0.022,76.253
4.936,572.352,101.473,101.672,-16.674,0.067,45.834,2588.655,0.287,84.961,63.479,2.728,0,17.845,0.61,0.014,74.957
4.986,577.405,100.643,100.842,-16.536,0.047,45.488,2588.655,0.287,84.972,63.479,2.73,0,17.54,0.61,0.01,73.68
5.036,582.417,99.82,100.017,-16.404,0.141,45.145,2588.655,0.287,84.905,63.479,2.721,0,17.241,0.609,0.029,72.401
5.086,587.387,99.002,99.199,-16.294,0.125,44.804,2588.655,0.287,84.913,63.479,2.722,0,16.945,0.609,0.026,71.166
5.136,592.317,98.19,98.386,-16.194,0.051,44.464,2588.655,0.287,84.959,63.479,2.728,0,16.655,0.609,0.011,69.961
5.186,597.206,97.383,97.578,-16.103,0.06,44.127,2588.655,0.287,84.95,63.479,2.727,0,16.369,0.609,0.013,68.76
5.236,602.055,96.58,96.776,-16.009,0.141,43.79,2588.655,0.287,84.893,63.479,2.72,0,16.088,0.609,0.029,67.566
5.286,606.864,95.782,95.979,-15.899,0.127,43.454,2588.655,0.287,84.899,63.479,2.72,0,15.811,0.608,0.027,66.407
5.336,611.634,94.99,95.188,-15.772,0.009,43.123,2588.655,0.287,84.975,63.479,2.73,0,15.541,0.608,0.002,65.287
5.386,616.364,94.205,94.402,-15.654,0.104,42.794,2588.655,0.287,84.908,63.479,2.722,0,15.275,0.608,0.022,64.147
5.436,621.054,93.425,93.621,-15.554,0.093,42.464,2588.655,0.287,84.912,63.479,2.722,0,15.01,0.608,0.019,63.044
5.486,625.706,92.649,92.845,-15.458,0.071,42.136,2588.655,0.287,84.924,63.479,2.724,0,14.752,0.608,0.015,61.961
5.536,630.319,91.879,92.075,-15.365,0.04,41.811,2588.655,0.287,84.942,63.479,2.726,0,14.498,0.607,0.008,60.896
5.586,634.894,91.113,91.308,-15.275,0.015,41.488,2588.655,0.287,84.956,63.479,2.728,0,14.249,0.607,0.003,59.847
5.636,639.431,90.351,90.547,-15.189,0.066,41.167,2588.655,0.287,84.919,63.479,2.723,0,14.004,0.607,0.014,58.802
5.686,643.929,89.594,89.79,-15.101,0.101,40.846,2588.655,0.287,84.893,63.479,2.72,0,13.761,0.607,0.021,57.775
5.736,648.39,88.841,89.038,-15.011,0.111,40.526,2588.655,0.287,84.884,63.479,2.718,0,13.521,0.607,0.023,56.769
5.786,652.813,88.093,88.291,-14.913,0.07,40.207,2588.655,0.287,84.908,63.479,2.722,0,13.285,0.606,0.015,55.787
5.836,657.2,87.35,87.548,-14.819,0.049,39.888,2588.655,0.287,84.92,63.479,2.723,0,13.051,0.606,0.01,54.817
5.886,661.549,86.611,86.81,-14.715,0.075,39.57,2588.655,0.287,84.9,63.479,2.72,0,12.823,0.606,0.016,53.855
5.936,665.861,85.878,86.076,-14.619,0.147,39.257,2588.655,0.287,84.85,63.479,2.714,0,12.6,0.606,0.031,52.901
5.986,670.136,85.149,85.346,-14.527,0.202,38.945,2588.655,0.287,84.811,63.479,2.709,0,12.382,0.606,0.042,51.966
6.036,674.376,84.425,84.621,-14.452,0.132,38.636,2588.655,0.287,84.855,63.479,2.715,0,12.164,0.605,0.027,51.062
6.086,678.579,83.704,83.9,-14.386,0.029,38.328,2588.655,0.287,84.921,63.479,2.723,0,11.95,0.605,0.006,50.176
6.136,682.746,82.986,83.183,-14.313,0.061,38.022,2588.655,0.287,84.898,63.479,2.72,0,11.742,0.605,0.013,49.285
6.186,686.878,82.272,82.47,-14.251,0.173,37.717,2588.655,0.287,84.82,63.479,2.71,0,11.535,0.605,0.036,48.397
6.236,690.973,81.561,81.76,-14.181,0.233,37.411,2588.655,0.287,84.778,63.479,2.705,0,11.33,0.605,0.049,47.529
6.286,695.034,80.854,81.054,-14.103,0.243,37.104,2588.655,0.287,84.769,63.479,2.704,0,11.126,0.605,0.051,46.681
6.336,699.059,80.152,80.353,-14.001,0.064,36.8,2588.655,0.287,84.886,63.479,2.719,0,10.927,0.605,0.013,45.87
6.386,703.049,79.454,79.655,-13.904,0.115,36.499,2588.655,0.287,84.85,63.479,2.714,0,10.732,0.604,0.024,45.043
6.436,707.004,78.761,78.962,-13.815,0.244,36.199,2588.655,0.287,84.761,63.479,2.703,0,10.542,0.604,0.051,44.219
6.486,710.925,78.072,78.272,-13.74,0.267,35.901,2588.655,0.287,84.744,63.479,2.701,0,10.353,0.604,0.056,43.421
6.536,714.812,77.387,77.586,-13.676,0.196,35.603,2588.655,0.287,84.789,63.479,2.706,0,10.165,0.604,0.041,42.645
6.586,718.664,76.705,76.903,-13.62,0.072,35.307,2588.655,0.287,84.87,63.479,2.717,0,9.981,0.604,0.015,41.888
6.636,722.482,76.025,76.224,-13.579,0.177,35.011,2588.655,0.287,84.798,63.479,2.708,0,9.798,0.604,0.037,41.114
6.686,726.267,75.347,75.548,-13.515,0.218,34.715,2588.655,0.287,84.768,63.479,2.704,0,9.621,0.603,0.045,40.36
6.736,730.017,74.673,74.875,-13.45,0.24,34.423,2588.655,0.287,84.752,63.479,2.702,0,9.446,0.603,0.05,39.619
6.786,733.734,74.002,74.206,-13.372,0.148,34.131,2588.655,0.287,84.811,63.479,2.709,0,9.272,0.603,0.031,38.902
6.836,737.417,73.336,73.54,-13.288,0.01,33.842,2588.655,0.287,84.901,63.479,2.721,0,9.103,0.603,0.002,38.2
6.886,741.068,72.673,72.878,-13.22,0.046,33.553,2588.655,0.287,84.876,63.479,2.717,0,8.932,0.603,0.009,37.49
6.936,744.685,72.014,72.219,-13.145,0.154,33.264,2588.655,0.287,84.801,63.479,2.708,0,8.768,0.603,0.032,36.783
6.986,748.269,71.359,71.563,-13.076,0.22,32.978,2588.655,0.287,84.755,63.479,2.702,0,8.607,0.603,0.046,36.092
7.036,751.821,70.706,70.911,-13.015,0.213,32.693,2588.655,0.287,84.758,63.479,2.702,0,8.447,0.603,0.044,35.418
7.086,755.34,70.057,70.261,-12.969,0.057,32.408,2588.655,0.287,84.86,63.479,2.715,0,8.286,0.602,0.012,34.769
7.136,758.826,69.41,69.615,-12.919,0.046,32.123,2588.655,0.287,84.866,63.479,2.716,0,8.13,0.602,0.009,34.115
7.186,762.281,68.765,68.971,-12.871,0.152,31.84,2588.655,0.287,84.793,63.479,2.707,0,7.976,0.602,0.032,33.459
7.236,765.703,68.123,68.33,-12.814,0.176,31.557,2588.655,0.287,84.776,63.479,2.705,0,7.825,0.602,0.037,32.821
7.286,769.093,67.484,67.692,-12.756,0.179,31.277,2588.655,0.287,84.772,63.479,2.704,0,7.676,0.602,0.037,32.194
7.336,772.451,66.847,67.057,-12.692,0.113,30.997,2588.655,0.287,84.814,63.479,2.71,0,7.529,0.602,0.024,31.582
7.386,775.778,66.214,66.425,-12.626,0.033,30.72,2588.655,0.287,84.866,63.479,2.716,0,7.385,0.602,0.007,30.981
7.436,779.073,65.585,65.796,-12.566,0.065,30.443,2588.655,0.287,84.843,63.479,2.713,0,7.241,0.602,0.013,30.379
7.486,782.336,64.958,65.17,-12.505,0.146,30.167,2588.655,0.287,84.787,63.479,2.706,0,7.102,0.601,0.03,29.782
7.536,785.569,64.334,64.546,-12.445,0.226,29.893,2588.655,0.287,84.732,63.479,2.699,0,6.966,0.601,0.047,29.194
7.586,788.77,63.713,63.925,-12.404,0.112,29.619,2588.655,0.287,84.807,63.479,2.709,0,6.826,0.601,0.023,28.63
7.636,791.94,63.094,63.307,-12.366,0.091,29.342,2588.655,0.287,84.819,63.479,2.71,0,6.689,0.601,0.019,28.067
7.686,795.079,62.477,62.691,-12.304,0.061,29.069,2588.655,0.287,84.838,63.479,2.713,0,6.561,0.601,0.013,27.513
7.736,798.188,61.863,62.078,-12.26,0.019,28.802,2588.655,0.287,84.864,63.479,2.716,0,6.43,0.601,0.004,26.968
7.786,801.266,61.251,61.467,-12.215,0.077,28.531,2588.655,0.287,84.824,63.479,2.711,0,6.301,0.601,0.016,26.424
7.836,804.313,60.642,60.859,-12.153,0.126,28.264,2588.655,0.287,84.79,63.479,2.706,0,6.179,0.601,0.026,25.888
7.886,807.33,60.035,60.253,-12.1,0.179,28.003,2588.655,0.287,84.753,63.479,2.702,0,6.058,0.601,0.037,25.36
7.936,810.316,59.431,59.65,-12.061,0.104,27.739,2588.655,0.287,84.802,63.479,2.708,0,5.934,0.6,0.021,24.849
7.973,812.496,58.988,59.207,-12.034,0.074,27.543,2588.655,0.287,84.821,63.479,2.71,0,5.844,0.6,0.015,24.475
8.023,815.43,58.387,58.607,-11.993,0.095,27.277,2588.655,0.287,84.805,63.479,2.708,0,5.725,0.6,0.02,23.97
8.073,818.334,57.789,58.01,-11.945,0.046,27.015,2588.655,0.287,84.837,63.479,2.712,0,5.609,0.6,0.009,23.477
8.123,821.209,57.193,57.415,-11.894,0.037,26.756,2588.655,0.287,84.842,63.479,2.713,0,5.496,0.6,0.008,22.989
8.173,824.054,56.599,56.823,-11.852,0.043,26.498,2588.655,0.287,84.836,63.479,2.712,0,5.382,0.6,0.009,22.507
8.223,826.869,56.008,56.232,-11.812,0.066,26.237,2588.655,0.287,84.819,63.479,2.71,0,5.27,0.6,0.014,22.031
8.273,829.655,55.418,55.644,-11.773,0.097,25.979,2588.655,0.287,84.797,63.479,2.707,0,5.159,0.6,0.02,21.562
8.323,832.411,54.83,55.058,-11.737,0.165,25.717,2588.655,0.287,84.751,63.479,2.702,0,5.048,0.6,0.034,21.097
8.373,835.138,54.244,54.474,-11.691,0.099,25.458,2588.655,0.287,84.793,63.479,2.707,0,4.942,0.6,0.02,20.647
8.423,837.835,53.661,53.892,-11.655,0.162,25.2,2588.655,0.287,84.75,63.479,2.701,0,4.834,0.6,0.034,20.197
8.473,840.504,53.079,53.312,-11.621,0.252,24.937,2588.655,0.287,84.688,63.479,2.694,0,4.726,0.599,0.053,19.752
8.523,843.143,52.499,52.734,-11.573,0.17,24.677,2588.655,0.287,84.742,63.479,2.7,0,4.623,0.599,0.035,19.323
8.573,845.754,51.922,52.158,-11.528,0.108,24.418,2588.655,0.287,84.782,63.479,2.706,0,4.52,0.599,0.022,18.899
8.623,848.335,51.346,51.585,-11.483,0.055,24.16,2588.655,0.287,84.817,63.479,2.71,0,4.419,0.599,0.011,18.481
8.673,850.888,50.773,51.013,-11.43,0.209,23.904,2588.655,0.287,84.713,63.479,2.697,0,4.322,0.599,0.043,18.059
8.723,853.413,50.203,50.444,-11.378,0.44,23.653,2588.655,0.287,84.558,63.479,2.677,0,4.23,0.599,0.092,17.641
8.773,855.909,49.635,49.876,-11.336,0.52,23.404,2588.655,0.287,84.505,63.479,2.67,0,4.137,0.599,0.109,17.236
8.823,858.376,49.07,49.311,-11.298,0.56,23.155,2588.655,0.287,84.477,63.479,2.667,0,4.045,0.599,0.117,16.839
8.873,860.816,48.506,48.747,-11.262,0.569,22.91,2588.655,0.287,84.47,63.479,2.666,0,3.955,0.599,0.119,16.45
8.923,863.227,47.943,48.185,-11.234,0.466,22.665,2588.655,0.287,84.537,63.479,2.674,0,3.865,0.599,0.098,16.072
8.973,865.61,47.382,47.624,-11.215,0.232,22.42,2588.655,0.287,84.69,63.479,2.694,0,3.773,0.599,0.048,15.705
9.023,867.965,46.822,47.066,-11.197,0.016,22.174,2588.655,0.287,84.834,63.479,2.712,0,3.685,0.599,0.003,15.342
9.073,870.292,46.262,46.508,-11.183,0.256,21.93,2588.655,0.287,84.672,63.479,2.692,0,3.599,0.599,0.053,14.966
9.123,872.591,45.703,45.952,-11.186,0.721,21.681,2588.655,0.287,84.367,63.479,2.653,0,3.514,0.598,0.152,14.587
9.173,874.862,45.144,45.397,-11.174,0.977,21.427,2588.655,0.287,84.201,63.479,2.632,0,3.431,0.598,0.207,14.222
9.223,877.106,44.586,44.843,-11.137,0.931,21.177,2588.655,0.287,84.229,63.479,2.635,0,3.348,0.598,0.197,13.874
9.273,879.321,44.03,44.292,-11.091,0.77,20.932,2588.655,0.287,84.331,63.479,2.648,0,3.264,0.598,0.162,13.536
9.323,881.509,43.477,43.742,-11.044,0.599,20.687,2588.655,0.287,84.442,63.479,2.662,0,3.181,0.598,0.126,13.204
9.373,883.669,42.926,43.194,-10.997,0.391,20.442,2588.655,0.287,84.577,63.479,2.679,0,3.099,0.598,0.082,12.879
9.423,885.801,42.377,42.649,-10.946,0.096,20.198,2588.655,0.287,84.772,63.479,2.704,0,3.02,0.598,0.02,12.562
9.473,887.907,41.831,42.105,-10.89,0.375,19.956,2588.655,0.287,84.586,63.479,2.681,0,2.947,0.598,0.078,12.231
9.523,889.985,41.288,41.563,-10.846,0.668,19.719,2588.655,0.287,84.393,63.479,2.656,0,2.875,0.598,0.14,11.905
9.573,892.036,40.747,41.022,-10.815,0.738,19.478,2588.655,0.287,84.347,63.479,2.65,0,2.8,0.598,0.155,11.591
9.623,894.059,40.207,40.483,-10.781,0.875,19.237,2588.655,0.287,84.258,63.479,2.639,0,2.729,0.598,0.185,11.281
9.673,896.056,39.668,39.946,-10.751,0.954,18.998,2588.655,0.287,84.206,63.479,2.632,0,2.659,0.598,0.202,10.978
9.723,898.026,39.132,39.41,-10.727,0.906,18.761,2588.655,0.287,84.236,63.479,2.636,0,2.588,0.598,0.192,10.684
9.773,899.969,38.596,38.875,-10.712,0.66,18.522,2588.655,0.287,84.394,63.479,2.656,0,2.514,0.598,0.139,10.4
9.823,901.886,38.06,38.342,-10.702,0.34,18.282,2588.655,0.287,84.603,63.479,2.683,0,2.441,0.598,0.071,10.122
9.873,903.775,37.526,37.809,-10.692,0.075,18.041,2588.655,0.287,84.779,63.479,2.705,0,2.372,0.598,0.015,9.848
9.923,905.638,36.991,37.278,-10.682,0.301,17.8,2588.655,0.287,84.627,63.479,2.686,0,2.305,0.597,0.063,9.565
9.973,907.475,36.457,36.749,-10.669,0.503,17.56,2588.655,0.287,84.493,63.479,2.669,0,2.241,0.597,0.105,9.287
10.023,909.284,35.924,36.22,-10.645,0.51,17.324,2588.655,0.287,84.488,63.479,2.668,0,2.179,0.597,0.107,9.019
10.073,911.067,35.393,35.693,-10.621,0.522,17.092,2588.655,0.287,84.479,63.479,2.667,0,2.117,0.597,0.109,8.756
10.123,912.823,34.862,35.166,-10.602,0.619,16.859,2588.655,0.287,84.415,63.479,2.659,0,2.056,0.597,0.13,8.495
10.173,914.553,34.333,34.642,-10.58,0.671,16.625,2588.655,0.287,84.381,63.479,2.655,0,1.995,0.597,0.141,8.24
10.223,916.257,33.804,34.118,-10.553,0.61,16.392,2588.655,0.287,84.42,63.479,2.659,0,1.935,0.597,0.128,7.992
10.273,917.934,33.278,33.596,-10.521,0.458,16.161,2588.655,0.287,84.518,63.479,2.672,0,1.876,0.597,0.096,7.751
10.323,919.585,32.752,33.075,-10.489,0.296,15.931,2588.655,0.287,84.624,63.479,2.685,0,1.819,0.597,0.062,7.514
10.373,921.209,32.229,32.556,-10.466,0.264,15.702,2588.655,0.287,84.645,63.479,2.688,0,1.761,0.597,0.055,7.279
10.423,922.807,31.706,32.038,-10.444,0.245,15.468,2588.655,0.287,84.657,63.479,2.69,0,1.704,0.597,0.051,7.048
10.473,924.38,31.184,31.521,-10.419,0.144,15.236,2588.655,0.287,84.724,63.479,2.698,0,1.649,0.597,0.03,6.823
10.523,925.926,30.664,31.006,-10.391,0.079,15.003,2588.655,0.287,84.767,63.479,2.704,0,1.595,0.597,0.016,6.601
10.573,927.446,30.145,30.491,-10.358,0.398,14.776,2588.655,0.287,84.553,63.479,2.676,0,1.546,0.597,0.083,6.377
10.623,928.94,29.628,29.978,-10.328,0.7,14.551,2588.655,0.287,84.355,63.479,2.651,0,1.498,0.597,0.147,6.158
10.673,930.409,29.112,29.467,-10.299,1.008,14.329,2588.655,0.287,84.157,63.479,2.626,0,1.452,0.597,0.214,5.943
10.723,931.852,28.598,28.956,-10.274,1.221,14.109,2588.655,0.287,84.022,63.479,2.609,0,1.406,0.597,0.26,5.734
10.773,933.269,28.085,28.447,-10.257,1.207,13.889,2588.655,0.287,84.03,63.479,2.61,0,1.357,0.597,0.257,5.533
10.823,934.66,27.572,27.938,-10.242,1.133,13.666,2588.655,0.287,84.076,63.479,2.616,0,1.309,0.597,0.241,5.337
10.873,936.026,27.061,27.431,-10.222,1.235,13.446,2588.655,0.287,84.011,63.479,2.608,0,1.265,0.597,0.263,5.143
10.923,937.366,26.55,26.925,-10.21,1.091,13.228,2588.655,0.287,84.102,63.479,2.619,0,1.218,0.597,0.232,4.956
10.973,938.681,26.04,26.419,-10.203,0.78,13.006,2588.655,0.287,84.3,63.479,2.644,0,1.17,0.596,0.164,4.775
11.023,939.97,25.53,25.915,-10.195,0.52,12.785,2588.655,0.287,84.468,63.479,2.666,0,1.125,0.596,0.109,4.597
11.073,941.234,25.02,25.412,-10.188,0.222,12.562,2588.655,0.287,84.665,63.479,2.691,0,1.08,0.596,0.046,4.423
11.123,942.472,24.511,24.91,-10.184,0.191,12.34,2588.655,0.287,84.685,63.479,2.693,0,1.037,0.596,0.04,4.249
11.173,943.685,24.002,24.408,-10.176,0.417,12.116,2588.655,0.287,84.534,63.479,2.674,0,0.996,0.596,0.087,4.077
11.223,944.872,23.493,23.908,-10.162,0.448,11.896,2588.655,0.287,84.513,63.479,2.671,0,0.958,0.596,0.094,3.91
11.273,946.034,22.985,23.409,-10.153,0.641,11.678,2588.655,0.287,84.387,63.479,2.655,0,0.919,0.596,0.135,3.746
11.323,947.171,22.478,22.911,-10.143,0.787,11.459,2588.655,0.287,84.292,63.479,2.643,0,0.881,0.596,0.166,3.586
11.373,948.282,21.971,22.414,-10.128,0.791,11.243,2588.655,0.287,84.288,63.479,2.643,0,0.844,0.596,0.167,3.432
11.423,949.368,21.465,21.918,-10.115,0.851,11.028,2588.655,0.287,84.25,63.479,2.638,0,0.808,0.596,0.179,3.281
11.473,950.429,20.96,21.423,-10.097,0.751,10.813,2588.655,0.287,84.314,63.479,2.646,0,0.773,0.596,0.158,3.134
11.523,951.464,20.456,20.93,-10.071,0.413,10.604,2588.655,0.287,84.534,63.479,2.674,0,0.741,0.596,0.086,2.994
11.573,952.474,19.953,20.438,-10.053,0.364,10.398,2588.655,0.287,84.566,63.479,2.678,0,0.708,0.596,0.076,2.855
11.623,953.459,19.45,19.947,-10.038,0.384,10.191,2588.655,0.287,84.552,63.479,2.676,0,0.675,0.596,0.08,2.719
11.673,954.419,18.949,19.457,-10.019,0.51,9.985,2588.655,0.287,84.469,63.479,2.666,0,0.645,0.596,0.107,2.586
11.723,955.354,18.448,18.968,-10,0.748,9.783,2588.655,0.287,84.314,63.479,2.646,0,0.616,0.596,0.157,2.456
11.773,956.264,17.949,18.481,-9.99,0.689,9.58,2588.655,0.287,84.352,63.479,2.651,0,0.584,0.596,0.145,2.331
11.823,957.149,17.449,17.996,-9.978,0.747,9.375,2588.655,0.287,84.314,63.479,2.646,0,0.555,0.596,0.157,2.21
11.873,958.009,16.951,17.511,-9.961,1.01,9.172,2588.655,0.287,84.145,63.479,2.625,0,0.528,0.596,0.214,2.09
11.923,958.844,16.453,17.028,-9.944,1.318,8.972,2588.655,0.287,83.95,63.479,2.6,0,0.503,0.596,0.282,1.975
11.973,959.654,15.957,16.546,-9.927,1.709,8.775,2588.655,0.287,83.708,63.479,2.569,0,0.479,0.596,0.369,1.863
12.023,960.44,15.461,16.066,-9.909,2.167,8.581,2588.655,0.287,83.432,63.479,2.534,0,0.457,0.596,0.474,1.754
12.073,961.2,14.966,15.588,-9.894,2.537,8.39,2588.655,0.287,83.214,63.479,2.506,0,0.435,0.596,0.56,1.649
12.123,961.936,14.471,15.111,-9.882,2.734,8.2,2588.655,0.287,83.1,63.479,2.492,0,0.412,0.596,0.607,1.549
12.173,962.648,13.977,14.635,-9.871,2.961,8.011,2588.655,0.287,82.97,63.479,2.475,0,0.39,0.596,0.661,1.452
12.223,963.334,13.484,14.162,-9.863,3.031,7.823,2588.655,0.287,82.93,63.479,2.47,0,0.367,0.596,0.678,1.359
12.273,963.996,12.991,13.69,-9.859,2.851,7.633,2588.655,0.287,83.032,63.479,2.483,0,0.341,0.596,0.635,1.27
12.323,964.633,12.498,13.221,-9.849,3.084,7.443,2588.655,0.287,82.899,63.479,2.466,0,0.322,0.596,0.691,1.184
12.373,965.246,12.006,12.753,-9.836,3.571,7.258,2588.655,0.287,82.628,63.479,2.432,0,0.305,0.596,0.811,1.1
12.423,965.834,11.515,12.288,-9.828,3.749,7.076,2588.655,0.287,82.53,63.479,2.42,0,0.286,0.596,0.855,1.021
12.473,966.397,11.023,11.826,-9.816,4.216,6.895,2588.655,0.287,82.28,63.479,2.388,0,0.27,0.596,0.973,0.944
12.523,966.936,10.533,11.366,-9.801,4.919,6.72,2588.655,0.287,81.915,63.479,2.341,0,0.258,0.598,1.156,0.871
12.573,967.451,10.043,10.91,-9.79,5.408,6.548,2588.655,0.287,81.669,63.479,2.31,0,0.244,0.6,1.286,0.801
12.623,967.941,9.554,10.457,-9.784,5.675,6.378,2588.655,0.287,81.538,63.479,2.294,0,0.229,0.603,1.359,0.735
12.673,968.406,9.065,10.008,-9.776,6.064,6.209,2588.655,0.287,81.35,63.479,2.27,0,0.215,0.606,1.466,0.673
12.723,968.847,8.576,9.563,-9.763,6.818,6.044,2588.655,0.287,80.998,63.479,2.225,0,0.204,0.608,1.678,0.613
12.773,969.264,8.089,9.123,-9.748,7.806,5.883,2588.655,0.287,80.557,63.479,2.169,0,0.196,0.61,1.966,0.557
12.823,969.656,7.602,8.689,-9.73,8.991,5.856,2588.655,0.287,80.059,63.479,2.106,0,0.19,0.613,2.326,0.504
12.873,970.024,7.116,8.26,-9.717,9.909,5.812,2588.655,0.287,79.694,63.479,2.059,0,0.181,0.615,2.616,0.454
12.923,970.367,6.63,7.839,-9.707,10.72,5.979,2588.655,0.287,79.385,63.479,2.02,0,0.17,0.618,2.88,0.409
12.973,970.687,6.145,7.427,-9.696,11.629,5.772,2588.655,0.287,79.055,63.479,1.978,0,0.161,0.622,3.185,0.366
13.023,970.982,5.66,7.024,-9.689,12.457,5.889,2588.655,0.287,78.768,63.479,1.942,0,0.15,0.625,3.47,0.327
13.073,971.253,5.176,6.632,-9.682,13.314,5.772,2588.655,0.287,78.483,63.479,1.906,0,0.138,0.629,3.773,0.291
13.123,971.5,4.692,6.254,-9.672,14.513,5.842,2588.655,0.287,78.106,63.479,1.858,0,0.129,0.632,4.21,0.258
13.173,971.722,4.209,5.892,-9.659,15.911,5.887,2588.655,0.287,77.694,63.479,1.805,0,0.119,0.636,4.738,0.228
13.223,971.921,3.726,5.548,-9.641,17.702,5.74,2588.655,0.287,77.207,63.479,1.743,0,0.111,0.639,5.443,0.202
13.273,972.095,3.245,5.228,-9.623,19.631,5.762,2588.655,0.287,76.73,63.479,1.683,0,0.102,0.643,6.236,0.179
13.323,972.245,2.764,4.933,-9.606,22.109,5.75,2588.655,0.287,76.182,63.479,1.613,0,0.095,0.645,6.91,0.15
13.373,972.371,2.284,4.67,-9.585,24.795,5.667,2588.655,0.287,75.661,63.479,1.547,0,0.088,0.647,7.623,0.127
13.423,972.473,1.805,4.444,-9.565,27.498,5.519,2588.655,0.287,75.204,63.479,1.489,0,0.08,0.649,8.397,0.11
13.473,972.552,1.328,4.259,-9.545,30.248,5.547,2588.655,0.287,74.803,63.479,1.438,0,0.072,0.651,9.233,0.098
13.523,972.606,0.851,4.123,-9.52,33.192,5.547,2588.655,0.287,74.435,63.479,1.391,0,0.065,0.652,10.176,0.089
13.573,972.637,0.376,4.037,-9.486,36.28,5.547,2588.655,0.287,74.111,63.479,1.35,0,0.058,0.653,11.208,0.083
13.623,972.644,-0.098,4.007,-9.458,39.393,5.547,2588.655,0.287,73.843,63.479,1.316,0,0.05,0.654,12.281,0.081
13.673,972.627,-0.57,4.032,-9.651,NaN,NaN,2588.655,0.287,0,63.479,-8.062,0,3.636,40.291,NaN,NaN
13.775,972.518,-1.559,4.152,-9.405,NaN,NaN,2588.655,0.287,0,63.479,-8.062,0,3.721,40.291,NaN,NaN
13.88,972.302,-2.549,4.495,-9.127,NaN,NaN,2588.655,0.287,0,63.479,-8.062,0,4.14,40.291,NaN,NaN
13.988,971.973,-3.536,5.007,-8.825,NaN,NaN,2588.655,0.287,0,63.479,-8.062,0,4.557,40.291,NaN,NaN
14.1,971.522,-4.523,5.646,-8.465,NaN,NaN,2588.655,0.287,0,63.479,-8.062,0,5.256,40.291,NaN,NaN
14.216,970.939,-5.507,6.37,-8.077,NaN,NaN,2588.655,0.287,0,63.479,-8.062,0,5.929,40.291,NaN,NaN
14.338,970.21,-6.489,7.156,-7.599,NaN,NaN,2588.655,0.287,0,63.479,-8.062,0,6.982,40.291,NaN,NaN
14.467,969.31,-7.469,7.981,-7.021,NaN,NaN,2588.655,0.287,0,63.479,-8.062,0,8.421,40.291,NaN,NaN
14.605,968.209,-8.44,8.825,-6.406,NaN,NaN,2588.655,0.287,0,63.479,-8.062,0,9.845,40.291,NaN,NaN
14.756,966.865,-9.406,9.687,-5.727,NaN,NaN,2588.655,0.287,0,63.479,-8.062,0,11.423,40.291,NaN,NaN
14.923,965.212,-10.363,10.56,-4.926,NaN,NaN,2588.655,0.287,0,63.479,-8.062,0,13.487,40.291,NaN,NaN
15.113,963.156,-11.298,11.422,-4.111,NaN,NaN,2588.655,0.287,0,63.479,-8.062,0,15.464,40.291,NaN,NaN
15.335,960.55,-12.21,12.275,-3.283,NaN,NaN,2588.655,0.287,0,63.479,-8.062,0,17.381,40.291,NaN,NaN
15.607,957.108,-13.103,13.128,-2.371,NaN,NaN,2588.655,0.287,0,63.479,-8.062,0,19.614,40.291,NaN,NaN
15.961,952.323,-13.942,13.944,-1.447,NaN,NaN,2588.655,0.287,0,63.479,-8.062,0,21.896,40.291,NaN,NaN
16.458,945.211,-14.661,14.667,-0.62,NaN,NaN,2588.655,0.287,0,63.479,-8.062,0,23.903,40.291,NaN,NaN
16.958,937.803,-14.971,15.003,-0.269,NaN,NaN,2588.655,0.287,0,63.479,-8.062,0,24.696,40.291,NaN,NaN
17.458,930.284,-15.105,15.159,-0.096,NaN,NaN,2588.655,0.287,0,63.479,-8.062,0,25.126,40.291,NaN,NaN
17.958,922.719,-15.153,15.23,-0.033,NaN,NaN,2588.655,0.287,0,63.479,-8.062,0,25.272,40.291,NaN,NaN
18.458,915.138,-15.17,15.266,-0.009,NaN,NaN,2588.655,0.287,0,63.479,-8.062,0,25.322,40.291,NaN,NaN
18.958,907.552,-15.175,15.282,0.01,NaN,NaN,2588.655,0.287,0,63.479,-8.062,0,25.388,40.291,NaN,NaN
19.458,899.966,-15.17,15.302,0.003,NaN,NaN,2588.655,0.287,0,63.479,-8.062,0,25.349,40.291,NaN,NaN
19.958,892.381,-15.168,15.304,0.009,NaN,NaN,2588.655,0.287,0,63.479,-8.062,0,25.364,40.291,NaN,NaN
20.458,884.798,-15.164,15.294,0.01,NaN,NaN,2588.655,0.287,0,63.479,-8.062,0,25.368,40.291,NaN,NaN
20.958,877.218,-15.159,15.293,0.012,NaN,NaN,2588.655,0.287,0,63.479,-8.062,0,25.374,40.291,NaN,NaN
21.458,869.64,-15.153,15.278,0.01,NaN,NaN,2588.655,0.287,0,63.479,-8.062,0,25.368,40.291,NaN,NaN
21.958,862.065,-15.148,15.273,0.011,NaN,NaN,2588.655,0.287,0,63.479,-8.062,0,25.372,40.291,NaN,NaN
22.458,854.492,-15.142,15.273,0.011,NaN,NaN,2588.655,0.287,0,63.479,-8.062,0,25.372,40.291,NaN,NaN
22.958,846.923,-15.136,15.273,0.012,NaN,NaN,2588.655,0.287,0,63.479,-8.062,0,25.375,40.291,NaN,NaN
23.458,839.356,-15.13,15.257,0.012,NaN,NaN,2588.655,0.287,0,63.479,-8.062,0,25.375,40.291,NaN,NaN
23.958,831.793,-15.124,15.241,0.013,NaN,NaN,2588.655,0.287,0,63.479,-8.062,0,25.382,40.291,NaN,NaN
24.458,824.232,-15.118,15.221,0.011,NaN,NaN,2588.655,0.287,0,63.479,-8.062,0,25.373,40.291,NaN,NaN
24.958,816.675,-15.112,15.226,0.01,NaN,NaN,2588.655,0.287,0,63.479,-8.062,0,25.368,40.291,NaN,NaN
25.458,809.12,-15.108,15.216,0.013,NaN,NaN,2588.655,0.287,0,63.479,-8.062,0,25.382,40.291,NaN,NaN
25.958,801.568,-15.101,15.223,0.01,NaN,NaN,2588.655,0.287,0,63.479,-8.062,0,25.367,40.291,NaN,NaN
26.458,794.018,-15.096,15.224,0.012,NaN,NaN,2588.655,0.287,0,63.479,-8.062,0,25.38,40.291,NaN,NaN
26.958,786.472,-15.09,15.232,0.009,NaN,NaN,2588.655,0.287,0,63.479,-8.062,0,25.366,40.291,NaN,NaN
27.458,778.928,-15.085,15.225,0.011,NaN,NaN,2588.655,0.287,0,63.479,-8.062,0,25.37,40.291,NaN,NaN
27.958,771.387,-15.08,15.216,0.011,NaN,NaN,2588.655,0.287,0,63.479,-8.062,0,25.371,40.291,NaN,NaN
28.458,763.848,-15.074,15.215,0.012,NaN,NaN,2588.655,0.287,0,63.479,-8.062,0,25.377,40.291,NaN,NaN
28.958,756.312,-15.068,15.22,0.01,NaN,NaN,2588.655,0.287,0,63.479,-8.062,0,25.368,40.291,NaN,NaN
29.458,748.779,-15.063,15.215,0.014,NaN,NaN,2588.655,0.287,0,63.479,-8.062,0,25.386,40.291,NaN,NaN
29.958,741.249,-15.056,15.191,0.009,NaN,NaN,2588.655,0.287,0,63.479,-8.062,0,25.365,40.291,NaN,NaN
30.458,733.722,-15.052,15.184,0.014,NaN,NaN,2588.655,0.287,0,63.479,-8.062,0,25.386,40.291,NaN,NaN
30.958,726.198,-15.045,15.16,0.009,NaN,NaN,2588.655,0.287,0,63.479,-8.062,0,25.365,40.291,NaN,NaN
31.458,718.677,-15.041,15.152,0.01,NaN,NaN,2588.655,0.287,0,63.479,-8.062,0,25.369,40.291,NaN,NaN
31.958,711.157,-15.036,15.151,0.011,NaN,NaN,2588.655,0.287,0,63.479,-8.062,0,25.37,40.291,NaN,NaN
32.458,703.641,-15.03,15.143,0.011,NaN,NaN,2588.655,0.287,0,63.479,-8.062,0,25.371,40.291,NaN,NaN
32.958,696.127,-15.025,15.133,0.011,NaN,NaN,2588.655,0.287,0,63.479,-8.062,0,25.37,40.291,NaN,NaN
33.458,688.616,-15.02,15.129,0.012,NaN,NaN,2588.655,0.287,0,63.479,-8.062,0,25.376,40.291,NaN,NaN
33.958,681.108,-15.014,15.115,0.01,NaN,NaN,2588.655,0.287,0,63.479,-8.062,0,25.369,40.291,NaN,NaN
34.458,673.602,-15.009,15.107,0.011,NaN,NaN,2588.655,0.287,0,63.479,-8.062,0,25.37,40.291,NaN,NaN
34.958,666.099,-15.003,15.102,0.012,NaN,NaN,2588.655,0.287,0,63.479,-8.062,0,25.379,40.291,NaN,NaN
35.458,658.599,-14.997,15.107,0.01,NaN,NaN,2588.655,0.287,0,63.479,-8.062,0,25.369,40.291,NaN,NaN
35.958,651.102,-14.992,15.105,0.012,NaN,NaN,2588.655,0.287,0,63.479,-8.062,0,25.376,40.291,NaN,NaN
36.458,643.607,-14.986,15.109,0.01,NaN,NaN,2588.655,0.287,0,63.479,-8.062,0,25.368,40.291,NaN,NaN
36.958,636.115,-14.981,15.106,0.012,NaN,NaN,2588.655,0.287,0,63.479,-8.062,0,25.377,40.291,NaN,NaN
37.458,628.626,-14.976,15.111,0.01,NaN,NaN,2588.655,0.287,0,63.479,-8.062,0,25.371,40.291,NaN,NaN
37.958,621.139,-14.97,15.113,0.01,NaN,NaN,2588.655,0.287,0,63.479,-8.062,0,25.369,40.291,NaN,NaN
38.458,613.655,-14.965,15.106,0.011,NaN,NaN,2588.655,0.287,0,63.479,-8.062,0,25.372,40.291,NaN,NaN
38.958,606.174,-14.96,15.095,0.011,NaN,NaN,2588.655,0.287,0,63.479,-8.062,0,25.371,40.291,NaN,NaN
39.458,598.695,-14.955,15.094,0.011,NaN,NaN,2588.655,0.287,0,63.479,-8.062,0,25.372,40.291,NaN,NaN
39.958,591.219,-14.949,15.094,0.01,NaN,NaN,2588.655,0.287,0,63.479,-8.062,0,25.37,40.291,NaN,NaN
40.458,583.746,-14.944,15.085,0.011,NaN,NaN,2588.655,0.287,0,63.479,-8.062,0,25.373,40.291,NaN,NaN
40.958,576.275,-14.939,15.087,0.01,NaN,NaN,2588.655,0.287,0,63.479,-8.062,0,25.37,40.291,NaN,NaN
41.458,568.807,-14.933,15.081,0.011,NaN,NaN,2588.655,0.287,0,63.479,-8.062,0,25.374,40.291,NaN,NaN
41.958,561.342,-14.928,15.084,0.01,NaN,NaN,2588.655,0.287,0,63.479,-8.062,0,25.37,40.291,NaN,NaN
42.458,553.879,-14.923,15.083,0.01,NaN,NaN,2588.655,0.287,0,63.479,-8.062,0,25.37,40.291,NaN,NaN
42.958,546.419,-14.918,15.077,0.012,NaN,NaN,2588.655,0.287,0,63.479,-8.062,0,25.376,40.291,NaN,NaN
43.458,538.962,-14.912,15.061,0.01,NaN,NaN,2588.655,0.287,0,63.479,-8.062,0,25.371,40.291,NaN,NaN
43.958,531.507,-14.907,15.05,0.01,NaN,NaN,2588.655,0.287,0,63.479,-8.062,0,25.37,40.291,NaN,NaN
44.458,524.055,-14.902,15.041,0.01,NaN,NaN,2588.655,0.287,0,63.479,-8.062,0,25.372,40.291,NaN,NaN
44.958,516.605,-14.897,15.031,0.01,NaN,NaN,2588.655,0.287,0,63.479,-8.062,0,25.371,40.291,NaN,NaN
45.458,509.159,-14.891,15.023,0.011,NaN,NaN,2588.655,0.287,0,63.479,-8.062,0,25.372,40.291,NaN,NaN
45.958,501.714,-14.886,15.014,0.01,NaN,NaN,2588.655,0.287,0,63.479,-8.062,0,25.371,40.291,NaN,NaN
46.458,494.272,-14.881,15.005,0.012,NaN,NaN,2588.655,0.287,0,63.479,-8.062,0,25.378,40.291,NaN,NaN
46.958,486.833,-14.875,15.009,0.016,NaN,NaN,2588.655,0.287,0,63.479,-8.062,0,25.4,40.291,NaN,NaN
47.458,479.398,-14.867,15.025,0.007,NaN,NaN,2588.655,0.287,0,63.479,-8.062,0,25.362,40.291,NaN,NaN
47.958,471.965,-14.864,15.018,0.013,NaN,NaN,2588.655,0.287,0,63.479,-8.062,0,25.388,40.291,NaN,NaN
48.458,464.535,-14.857,14.992,0.008,NaN,NaN,2588.655,0.287,0,63.479,-8.062,0,25.367,40.291,NaN,NaN
48.958,457.108,-14.853,14.982,0.01,NaN,NaN,2588.655,0.287,0,63.479,-8.062,0,25.37,40.291,NaN,NaN
48.959,457.093,-14.853,14.982,61.515,NaN,NaN,2588.655,0.287,0,63.479,-8.062,0,184.589,293.153,NaN,NaN
48.975,456.859,-13.853,13.99,52.238,NaN,NaN,2588.655,0.287,0,63.479,-8.062,0,160.57,293.153,NaN,NaN
48.994,456.604,-12.853,13,43.607,NaN,NaN,2588.655,0.287,0,63.479,-8.062,0,138.227,293.153,NaN,NaN
49.017,456.32,-11.853,12.013,35.622,NaN,NaN,2588.655,0.287,0,63.479,-8.062,0,117.559,293.153,NaN,NaN
49.045,456.002,-10.853,11.027,28.286,NaN,NaN,2588.655,0.287,0,63.479,-8.062,0,98.574,293.153,NaN,NaN
49.081,455.636,-9.853,10.041,21.593,NaN,NaN,2588.655,0.287,0,63.479,-8.062,0,81.241,293.153,NaN,NaN
49.127,455.203,-8.853,9.06,15.547,NaN,NaN,2588.655,0.287,0,63.479,-8.062,0,65.589,293.153,NaN,NaN
49.191,454.665,-7.853,8.086,10.148,NaN,NaN,2588.655,0.287,0,63.479,-8.062,0,51.615,293.153,NaN,NaN
49.29,453.941,-6.853,7.124,5.415,NaN,NaN,2588.655,0.287,0,63.479,-8.062,0,39.414,293.153,NaN,NaN
49.473,452.779,-5.863,6.225,1.327,NaN,NaN,2588.655,0.287,0,63.479,-8.062,0,28.779,293.153,NaN,NaN
49.736,451.279,-5.514,5.899,0.043,NaN,NaN,2588.655,0.287,0,63.479,-8.062,0,25.459,293.153,NaN,NaN
50.017,449.734,-5.502,5.906,0.003,NaN,NaN,2588.655,0.287,0,63.479,-8.062,0,25.359,293.153,NaN,NaN
50.298,448.189,-5.501,5.881,-0.001,NaN,NaN,2588.655,0.287,0,63.479,-8.062,0,25.341,293.153,NaN,NaN
50.579,446.643,-5.501,5.887,0.002,NaN,NaN,2588.655,0.287,0,63.479,-8.062,0,25.349,293.153,NaN,NaN
50.86,445.098,-5.501,5.892,0.002,NaN,NaN,2588.655,0.287,0,63.479,-8.062,0,25.352,293.153,NaN,NaN
51.14,443.553,-5.5,5.904,0.006,NaN,NaN,2588.655,0.287,0,63.479,-8.062,0,25.371,293.153,NaN,NaN
51.421,442.008,-5.499,5.872,-0.003,NaN,NaN,2588.655,0.287,0,63.479,-8.062,0,25.338,293.153,NaN,NaN
51.702,440.463,-5.499,5.864,0.005,NaN,NaN,2588.655,0.287,0,63.479,-8.062,0,25.366,293.153,NaN,NaN
51.983,438.919,-5.498,5.837,-0.002,NaN,NaN,2588.655,0.287,0,63.479,-8.062,0,25.341,293.153,NaN,NaN
52.264,437.375,-5.499,5.83,0.008,NaN,NaN,2588.655,0.287,0,63.479,-8.062,0,25.383,293.153,NaN,NaN
52.545,435.831,-5.496,5.863,-5.815e-4,NaN,NaN,2588.655,0.287,0,63.479,-8.062,0,25.355,293.153,NaN,NaN
52.826,434.288,-5.497,5.893,0.006,NaN,NaN,2588.655,0.287,0,63.479,-8.062,0,25.385,293.153,NaN,NaN
53.106,432.745,-5.495,5.936,-0.007,NaN,NaN,2588.655,0.287,0,63.479,-8.062,0,25.331,293.153,NaN,NaN
53.387,431.201,-5.497,5.92,0.003,NaN,NaN,2588.655,0.287,0,63.479,-8.062,0,25.361,293.153,NaN,NaN
53.668,429.658,-5.496,5.894,-0.001,NaN,NaN,2588.655,0.287,0,63.479,-8.062,0,25.343,293.153,NaN,NaN
53.949,428.116,-5.496,5.905,0.001,NaN,NaN,2588.655,0.287,0,63.479,-8.062,0,25.348,293.153,NaN,NaN
54.229,426.573,-5.496,5.899,0.005,NaN,NaN,2588.655,0.287,0,63.479,-8.062,0,25.368,293.153,NaN,NaN
54.51,425.031,-5.494,5.869,-0.002,NaN,NaN,2588.655,0.287,0,63.479,-8.062,0,25.338,293.153,NaN,NaN
54.791,423.489,-5.495,5.87,0.011,NaN,NaN,2588.655,0.287,0,63.479,-8.062,0,25.396,293.153,NaN,NaN
55.071,421.948,-5.492,5.826,0.003,NaN,NaN,2588.655,0.287,0,63.479,-8.062,0,25.381,293.153,NaN,NaN
55.352,420.406,-5.491,5.783,-0.009,NaN,NaN,2588.655,0.287,0,63.479,-8.062,0,25.324,293.153,NaN,NaN
55.633,418.864,-5.494,5.776,9.252e-4,NaN,NaN,2588.655,0.287,0,63.479,-8.062,0,25.347,293.153,NaN,NaN
55.913,417.323,-5.493,5.772,0.011,NaN,NaN,2588.655,0.287,0,63.479,-8.062,0,25.395,293.153,NaN,NaN
56.194,415.783,-5.49,5.806,-0.007,NaN,NaN,2588.655,0.287,0,63.479,-8.062,0,25.33,293.153,NaN,NaN
56.474,414.242,-5.492,5.821,7.63e-4,NaN,NaN,2588.655,0.287,0,63.479,-8.062,0,25.347,293.153,NaN,NaN
56.755,412.702,-5.492,5.814,0.002,NaN,NaN,2588.655,0.287,0,63.479,-8.062,0,25.35,293.153,NaN,NaN
57.035,411.162,-5.492,5.821,0.002,NaN,NaN,2588.655,0.287,0,63.479,-8.062,0,25.352,293.153,NaN,NaN
57.315,409.622,-5.491,5.833,0.008,NaN,NaN,2588.655,0.287,0,63.479,-8.062,0,25.382,293.153,NaN,NaN
57.596,408.083,-5.489,5.867,0.031,NaN,NaN,2588.655,0.287,0,63.479,-8.062,0,25.521,293.153,NaN,NaN
57.876,406.544,-5.48,5.947,-0.033,NaN,NaN,2588.655,0.287,0,63.479,-8.062,0,25.267,293.153,NaN,NaN
58.157,405.004,-5.489,5.98,7.921e-4,NaN,NaN,2588.655,0.287,0,63.479,-8.062,0,25.351,293.153,NaN,NaN
58.438,403.465,-5.489,5.959,0.009,NaN,NaN,2588.655,0.287,0,63.479,-8.062,0,25.395,293.153,NaN,NaN
58.718,401.927,-5.486,5.91,5.152e-4,NaN,NaN,2588.655,0.287,0,63.479,-8.062,0,25.369,293.153,NaN,NaN
58.998,400.388,-5.486,5.867,-0.005,NaN,NaN,2588.655,0.287,0,63.479,-8.062,0,25.339,293.153,NaN,NaN
59.279,398.85,-5.488,5.891,-9.833e-4,NaN,NaN,2588.655,0.287,0,63.479,-8.062,0,25.342,293.153,NaN,NaN
59.559,397.312,-5.488,5.886,0.006,NaN,NaN,2588.655,0.287,0,63.479,-8.062,0,25.373,293.153,NaN,NaN
59.839,395.774,-5.486,5.854,-0.002,NaN,NaN,2588.655,0.287,0,63.479,-8.062,0,25.345,293.153,NaN,NaN
60.119,394.236,-5.487,5.872,2.79e-4,NaN,NaN,2588.655,0.287,0,63.479,-8.062,0,25.347,293.153,NaN,NaN
60.4,392.699,-5.486,5.883,0.013,NaN,NaN,2588.655,0.287,0,63.479,-8.062,0,25.411,293.153,NaN,NaN
60.68,391.162,-5.483,5.831,-0.005,NaN,NaN,2588.655,0.287,0,63.479,-8.062,0,25.349,293.153,NaN,NaN
60.96,389.625,-5.484,5.8,-0.003,NaN,NaN,2588.655,0.287,0,63.479,-8.062,0,25.339,293.153,NaN,NaN
61.24,388.089,-5.485,5.815,0.005,NaN,NaN,2588.655,0.287,0,63.479,-8.062,0,25.371,293.153,NaN,NaN
61.52,386.552,-5.484,5.843,-0.003,NaN,NaN,2588.655,0.287,0,63.479,-8.062,0,25.336,293.153,NaN,NaN
61.801,385.016,-5.485,5.846,0.002,NaN,NaN,2588.655,0.287,0,63.479,-8.062,0,25.349,293.153,NaN,NaN
62.081,383.48,-5.484,5.849,0.012,NaN,NaN,2588.655,0.287,0,63.479,-8.062,0,25.402,293.153,NaN,NaN
62.361,381.945,-5.481,5.803,-0.002,NaN,NaN,2588.655,0.287,0,63.479,-8.062,0,25.358,293.153,NaN,NaN
62.641,380.409,-5.481,5.77,-0.005,NaN,NaN,2588.655,0.287,0,63.479,-8.062,0,25.332,293.153,NaN,NaN
62.921,378.874,-5.483,5.765,0.001,NaN,NaN,2588.655,0.287,0,63.479,-8.062,0,25.348,293.153,NaN,NaN
63.201,377.339,-5.483,5.762,0.027,NaN,NaN,2588.655,0.287,0,63.479,-8.062,0,25.48,293.153,NaN,NaN
63.481,375.805,-5.475,5.819,-0.022,NaN,NaN,2588.655,0.287,0,63.479,-8.062,0,25.291,293.153,NaN,NaN
63.761,374.27,-5.481,5.809,0.006,NaN,NaN,2588.655,0.287,0,63.479,-8.062,0,25.374,293.153,NaN,NaN
64.041,372.736,-5.48,5.839,-0.004,NaN,NaN,2588.655,0.287,0,63.479,-8.062,0,25.334,293.153,NaN,NaN
64.321,371.202,-5.481,5.838,0.008,NaN,NaN,2588.655,0.287,0,63.479,-8.062,0,25.38,293.153,NaN,NaN
64.601,369.668,-5.479,5.803,0.005,NaN,NaN,2588.655,0.287,0,63.479,-8.062,0,25.384,293.153,NaN,NaN
64.881,368.135,-5.477,5.762,-0.008,NaN,NaN,2588.655,0.287,0,63.479,-8.062,0,25.325,293.153,NaN,NaN
65.161,366.601,-5.48,5.757,0.022,NaN,NaN,2588.655,0.287,0,63.479,-8.062,0,25.454,293.153,NaN,NaN
65.44,365.069,-5.474,5.808,0.003,NaN,NaN,2588.655,0.287,0,63.479,-8.062,0,25.407,293.153,NaN,NaN
65.721,363.536,-5.473,5.871,-0.004,NaN,NaN,2588.655,0.287,0,63.479,-8.062,0,25.374,293.153,NaN,NaN
66.001,362.003,-5.474,5.93,-0.011,NaN,NaN,2588.655,0.287,0,63.479,-8.062,0,25.324,293.153,NaN,NaN
66.281,360.47,-5.477,5.907,-6.821e-4,NaN,NaN,2588.655,0.287,0,63.479,-8.062,0,25.345,293.153,NaN,NaN
66.56,358.938,-5.477,5.894,0.008,NaN,NaN,2588.655,0.287,0,63.479,-8.062,0,25.383,293.153,NaN,NaN
66.84,357.406,-5.475,5.931,-8.936e-4,NaN,NaN,2588.655,0.287,0,63.479,-8.062,0,25.355,293.153,NaN,NaN
67.12,355.874,-5.475,5.899,-0.002,NaN,NaN,2588.655,0.287,0,63.479,-8.062,0,25.343,293.153,NaN,NaN
67.4,354.342,-5.476,5.916,9.928e-4,NaN,NaN,2588.655,0.287,0,63.479,-8.062,0,25.35,293.153,NaN,NaN
67.679,352.811,-5.476,5.903,0.012,NaN,NaN,2588.655,0.287,0,63.479,-8.062,0,25.404,293.153,NaN,NaN
67.959,351.281,-5.472,5.95,-0.009,NaN,NaN,2588.655,0.287,0,63.479,-8.062,0,25.321,293.153,NaN,NaN
68.239,349.749,-5.475,5.946,0.009,NaN,NaN,2588.655,0.287,0,63.479,-8.062,0,25.387,293.153,NaN,NaN
68.518,348.219,-5.473,5.902,-0.005,NaN,NaN,2588.655,0.287,0,63.479,-8.062,0,25.333,293.153,NaN,NaN
68.798,346.688,-5.474,5.915,0.003,NaN,NaN,2588.655,0.287,0,63.479,-8.062,0,25.36,293.153,NaN,NaN
69.077,345.158,-5.473,5.891,0.003,NaN,NaN,2588.655,0.287,0,63.479,-8.062,0,25.361,293.153,NaN,NaN
69.357,343.629,-5.472,5.863,0.005,NaN,NaN,2588.655,0.287,0,63.479,-8.062,0,25.376,293.153,NaN,NaN
69.636,342.099,-5.471,5.826,-0.002,NaN,NaN,2588.655,0.287,0,63.479,-8.062,0,25.348,293.153,NaN,NaN
69.916,340.569,-5.472,5.802,1.487e-4,NaN,NaN,2588.655,0.287,0,63.479,-8.062,0,25.351,293.153,NaN,NaN
70.195,339.04,-5.472,5.821,0.01,NaN,NaN,2588.655,0.287,0,63.479,-8.062,0,25.401,293.153,NaN,NaN
70.475,337.512,-5.469,5.775,-0.007,NaN,NaN,2588.655,0.287,0,63.479,-8.062,0,25.333,293.153,NaN,NaN
70.754,335.983,-5.471,5.797,0.002,NaN,NaN,2588.655,0.287,0,63.479,-8.062,0,25.358,293.153,NaN,NaN
71.034,334.454,-5.47,5.774,3.099e-4,NaN,NaN,2588.655,0.287,0,63.479,-8.062,0,25.351,293.153,NaN,NaN
71.313,332.926,-5.47,5.757,0.005,NaN,NaN,2588.655,0.287,0,63.479,-8.062,0,25.37,293.153,NaN,NaN
71.593,331.398,-5.469,5.783,0.007,NaN,NaN,2588.655,0.287,0,63.479,-8.062,0,25.391,293.153,NaN,NaN
71.872,329.87,-5.467,5.824,0.012,NaN,NaN,2588.655,0.287,0,63.479,-8.062,0,25.431,293.153,NaN,NaN
72.151,328.343,-5.464,5.885,-0.01,NaN,NaN,2588.655,0.287,0,63.479,-8.062,0,25.345,293.153,NaN,NaN
72.431,326.815,-5.466,5.934,-0.004,NaN,NaN,2588.655,0.287,0,63.479,-8.062,0,25.347,293.153,NaN,NaN
72.71,325.288,-5.467,5.904,-0.002,NaN,NaN,2588.655,0.287,0,63.479,-8.062,0,25.343,293.153,NaN,NaN
72.99,323.761,-5.468,5.889,0.002,NaN,NaN,2588.655,0.287,0,63.479,-8.062,0,25.353,293.153,NaN,NaN
73.269,322.234,-5.467,5.906,0.007,NaN,NaN,2588.655,0.287,0,63.479,-8.062,0,25.379,293.153,NaN,NaN
73.548,320.708,-5.466,5.867,-0.005,NaN,NaN,2588.655,0.287,0,63.479,-8.062,0,25.335,293.153,NaN,NaN
73.827,319.181,-5.467,5.858,0.003,NaN,NaN,2588.655,0.287,0,63.479,-8.062,0,25.358,293.153,NaN,NaN
74.106,317.655,-5.466,5.877,-9.004e-5,NaN,NaN,2588.655,0.287,0,63.479,-8.062,0,25.346,293.153,NaN,NaN
74.606,314.922,-5.466,5.894,0.003,NaN,NaN,2588.655,0.287,0,63.479,-8.062,0,25.355,293.153,NaN,NaN
74.885,313.397,-5.465,5.88,7.746e-4,NaN,NaN,2588.655,0.287,0,63.479,-8.062,0,25.348,293.153,NaN,NaN
75.165,311.872,-5.465,5.885,0.003,NaN,NaN,2588.655,0.287,0,63.479,-8.062,0,25.358,293.153,NaN,NaN
75.444,310.347,-5.464,5.865,0.004,NaN,NaN,2588.655,0.287,0,63.479,-8.062,0,25.368,293.153,NaN,NaN
75.723,308.822,-5.463,5.834,-0.003,NaN,NaN,2588.655,0.287,0,63.479,-8.062,0,25.338,293.153,NaN,NaN
76.002,307.298,-5.464,5.83,0.002,NaN,NaN,2588.655,0.287,0,63.479,-8.062,0,25.353,293.153,NaN,NaN
76.281,305.774,-5.463,5.842,0.003,NaN,NaN,2588.655,0.287,0,63.479,-8.062,0,25.36,293.153,NaN,NaN
76.56,304.25,-5.462,5.819,0.004,NaN,NaN,2588.655,0.287,0,63.479,-8.062,0,25.366,293.153,NaN,NaN
76.839,302.726,-5.461,5.848,-0.003,NaN,NaN,2588.655,0.287,0,63.479,-8.062,0,25.337,293.153,NaN,NaN
77.118,301.202,-5.462,5.849,0.002,NaN,NaN,2588.655,0.287,0,63.479,-8.062,0,25.351,293.153,NaN,NaN
77.397,299.679,-5.462,5.857,0.002,NaN,NaN,2588.655,0.287,0,63.479,-8.062,0,25.355,293.153,NaN,NaN
77.675,298.156,-5.461,5.871,0.004,NaN,NaN,2588.655,0.287,0,63.479,-8.062,0,25.368,293.153,NaN,NaN
77.954,296.633,-5.46,5.9,-0.001,NaN,NaN,2588.655,0.287,0,63.479,-8.062,0,25.345,293.153,NaN,NaN
78.233,295.11,-5.46,5.917,0.018,NaN,NaN,2588.655,0.287,0,63.479,-8.062,0,25.437,293.153,NaN,NaN
78.512,293.588,-5.455,5.851,0.005,NaN,NaN,2588.655,0.287,0,63.479,-8.062,0,25.412,293.153,NaN,NaN
78.791,292.066,-5.454,5.788,-0.019,NaN,NaN,2588.655,0.287,0,63.479,-8.062,0,25.299,293.153,NaN,NaN
79.07,290.543,-5.459,5.803,8.617e-4,NaN,NaN,2588.655,0.287,0,63.479,-8.062,0,25.348,293.153,NaN,NaN
79.349,289.022,-5.459,5.801,0.008,NaN,NaN,2588.655,0.287,0,63.479,-8.062,0,25.385,293.153,NaN,NaN
79.628,287.5,-5.457,5.834,0.014,NaN,NaN,2588.655,0.287,0,63.479,-8.062,0,25.431,293.153,NaN,NaN
79.906,285.98,-5.453,5.893,-0.017,NaN,NaN,2588.655,0.287,0,63.479,-8.062,0,25.301,293.153,NaN,NaN
80.185,284.458,-5.458,5.889,0.002,NaN,NaN,2588.655,0.287,0,63.479,-8.062,0,25.354,293.153,NaN,NaN
80.464,282.937,-5.457,5.904,0.001,NaN,NaN,2588.655,0.287,0,63.479,-8.062,0,25.35,293.153,NaN,NaN
80.743,281.416,-5.457,5.916,0.002,NaN,NaN,2588.655,0.287,0,63.479,-8.062,0,25.353,293.153,NaN,NaN
81.021,279.896,-5.456,5.901,0.002,NaN,NaN,2588.655,0.287,0,63.479,-8.062,0,25.353,293.153,NaN,NaN
81.3,278.376,-5.456,5.885,0.005,NaN,NaN,2588.655,0.287,0,63.479,-8.062,0,25.372,293.153,NaN,NaN
81.579,276.856,-5.454,5.851,0.008,NaN,NaN,2588.655,0.287,0,63.479,-8.062,0,25.397,293.153,NaN,NaN
81.857,275.336,-5.452,5.802,0.006,NaN,NaN,2588.655,0.287,0,63.479,-8.062,0,25.403,293.153,NaN,NaN
82.136,273.817,-5.45,5.749,-0.015,NaN,NaN,2588.655,0.287,0,63.479,-8.062,0,25.308,293.153,NaN,NaN
82.415,272.297,-5.455,5.749,0.009,NaN,NaN,2588.655,0.287,0,63.479,-8.062,0,25.39,293.153,NaN,NaN
82.693,270.778,-5.452,5.781,0.006,NaN,NaN,2588.655,0.287,0,63.479,-8.062,0,25.395,293.153,NaN,NaN
82.972,269.26,-5.45,5.827,-0.011,NaN,NaN,2588.655,0.287,0,63.479,-8.062,0,25.319,293.153,NaN,NaN
83.25,267.74,-5.453,5.82,0.013,NaN,NaN,2588.655,0.287,0,63.479,-8.062,0,25.412,293.153,NaN,NaN
83.529,266.223,-5.45,5.77,-0.002,NaN,NaN,2588.655,0.287,0,63.479,-8.062,0,25.366,293.153,NaN,NaN
83.808,264.704,-5.45,5.733,-0.003,NaN,NaN,2588.655,0.287,0,63.479,-8.062,0,25.351,293.153,NaN,NaN
84.086,263.186,-5.451,5.761,0.01,NaN,NaN,2588.655,0.287,0,63.479,-8.062,0,25.404,293.153,NaN,NaN
84.365,261.669,-5.448,5.805,-0.008,NaN,NaN,2588.655,0.287,0,63.479,-8.062,0,25.333,293.153,NaN,NaN
84.643,260.151,-5.45,5.832,0.006,NaN,NaN,2588.655,0.287,0,63.479,-8.062,0,25.38,293.153,NaN,NaN
84.921,258.634,-5.449,5.87,-0.001,NaN,NaN,2588.655,0.287,0,63.479,-8.062,0,25.354,293.153,NaN,NaN
85.2,257.116,-5.449,5.902,-0.001,NaN,NaN,2588.655,0.287,0,63.479,-8.062,0,25.347,293.153,NaN,NaN
85.478,255.6,-5.45,5.923,-4.46e-4,NaN,NaN,2588.655,0.287,0,63.479,-8.062,0,25.345,293.153,NaN,NaN
85.757,254.083,-5.45,5.92,0.001,NaN,NaN,2588.655,0.287,0,63.479,-8.062,0,25.349,293.153,NaN,NaN
86.035,252.566,-5.449,5.916,0.007,NaN,NaN,2588.655,0.287,0,63.479,-8.062,0,25.379,293.153,NaN,NaN
86.313,251.05,-5.447,5.879,1.503e-4,NaN,NaN,2588.655,0.287,0,63.479,-8.062,0,25.358,293.153,NaN,NaN
86.591,249.534,-5.447,5.849,-0.003,NaN,NaN,2588.655,0.287,0,63.479,-8.062,0,25.339,293.153,NaN,NaN
86.87,248.019,-5.448,5.855,0.004,NaN,NaN,2588.655,0.287,0,63.479,-8.062,0,25.364,293.153,NaN,NaN
87.148,246.503,-5.447,5.83,0.012,NaN,NaN,2588.655,0.287,0,63.479,-8.062,0,25.411,293.153,NaN,NaN
87.426,244.988,-5.444,5.777,-0.008,NaN,NaN,2588.655,0.287,0,63.479,-8.062,0,25.333,293.153,NaN,NaN
87.704,243.473,-5.446,5.756,0.004,NaN,NaN,2588.655,0.287,0,63.479,-8.062,0,25.372,293.153,NaN,NaN
87.983,241.958,-5.445,5.725,-0.004,NaN,NaN,2588.655,0.287,0,63.479,-8.062,0,25.339,293.153,NaN,NaN
88.261,240.443,-5.446,5.737,0.001,NaN,NaN,2588.655,0.287,0,63.479,-8.062,0,25.351,293.153,NaN,NaN
88.539,238.929,-5.446,5.728,0.003,NaN,NaN,2588.655,0.287,0,63.479,-8.062,0,25.359,293.153,NaN,NaN
88.817,237.415,-5.445,5.744,0.007,NaN,NaN,2588.655,0.287,0,63.479,-8.062,0,25.383,293.153,NaN,NaN
89.095,235.901,-5.443,5.777,0.003,NaN,NaN,2588.655,0.287,0,63.479,-8.062,0,25.376,293.153,NaN,NaN
89.373,234.387,-5.442,5.738,-0.006,NaN,NaN,2588.655,0.287,0,63.479,-8.062,0,25.336,293.153,NaN,NaN
89.651,232.873,-5.444,5.757,0.002,NaN,NaN,2588.655,0.287,0,63.479,-8.062,0,25.357,293.153,NaN,NaN
89.929,231.36,-5.443,5.776,0.011,NaN,NaN,2588.655,0.287,0,63.479,-8.062,0,25.405,293.153,NaN,NaN
90.207,229.847,-5.44,5.819,-0.01,NaN,NaN,2588.655,0.287,0,63.479,-8.062,0,25.32,293.153,NaN,NaN
90.485,228.334,-5.443,5.824,0.007,NaN,NaN,2588.655,0.287,0,63.479,-8.062,0,25.378,293.153,NaN,NaN
90.763,226.822,-5.441,5.79,-0.003,NaN,NaN,2588.655,0.287,0,63.479,-8.062,0,25.339,293.153,NaN,NaN
91.041,225.309,-5.442,5.781,0.003,NaN,NaN,2588.655,0.287,0,63.479,-8.062,0,25.359,293.153,NaN,NaN
91.319,223.797,-5.441,5.799,7.945e-4,NaN,NaN,2588.655,0.287,0,63.479,-8.062,0,25.352,293.153,NaN,NaN
91.597,222.285,-5.441,5.783,0.018,NaN,NaN,2588.655,0.287,0,63.479,-8.062,0,25.442,293.153,NaN,NaN
91.875,220.774,-5.436,5.837,-0.017,NaN,NaN,2588.655,0.287,0,63.479,-8.062,0,25.303,293.153,NaN,NaN
92.153,219.261,-5.441,5.836,0.002,NaN,NaN,2588.655,0.287,0,63.479,-8.062,0,25.351,293.153,NaN,NaN
92.431,217.75,-5.44,5.843,0.005,NaN,NaN,2588.655,0.287,0,63.479,-8.062,0,25.37,293.153,NaN,NaN
92.708,216.239,-5.439,5.814,0.013,NaN,NaN,2588.655,0.287,0,63.479,-8.062,0,25.418,293.153,NaN,NaN
92.986,214.729,-5.435,5.866,-0.011,NaN,NaN,2588.655,0.287,0,63.479,-8.062,0,25.323,293.153,NaN,NaN
93.264,213.218,-5.438,5.846,0.001,NaN,NaN,2588.655,0.287,0,63.479,-8.062,0,25.354,293.153,NaN,NaN
93.542,211.707,-5.438,5.825,0.007,NaN,NaN,2588.655,0.287,0,63.479,-8.062,0,25.384,293.153,NaN,NaN
93.82,210.197,-5.436,5.786,9.655e-4,NaN,NaN,2588.655,0.287,0,63.479,-8.062,0,25.367,293.153,NaN,NaN
94.097,208.687,-5.436,5.751,-0.003,NaN,NaN,2588.655,0.287,0,63.479,-8.062,0,25.343,293.153,NaN,NaN
94.375,207.177,-5.437,5.771,0.003,NaN,NaN,2588.655,0.287,0,63.479,-8.062,0,25.365,293.153,NaN,NaN
94.653,205.668,-5.436,5.797,7.646e-4,NaN,NaN,2588.655,0.287,0,63.479,-8.062,0,25.357,293.153,NaN,NaN
94.931,204.158,-5.436,5.822,-0.002,NaN,NaN,2588.655,0.287,0,63.479,-8.062,0,25.344,293.153,NaN,NaN
95.208,202.649,-5.436,5.831,0.002,NaN,NaN,2588.655,0.287,0,63.479,-8.062,0,25.352,293.153,NaN,NaN
95.486,201.14,-5.436,5.843,0.015,NaN,NaN,2588.655,0.287,0,63.479,-8.062,0,25.42,293.153,NaN,NaN
95.763,199.632,-5.432,5.787,-0.01,NaN,NaN,2588.655,0.287,0,63.479,-8.062,0,25.328,293.153,NaN,NaN
96.041,198.123,-5.434,5.812,6.351e-4,NaN,NaN,2588.655,0.287,0,63.479,-8.062,0,25.353,293.153,NaN,NaN
96.319,196.615,-5.434,5.831,0.009,NaN,NaN,2588.655,0.287,0,63.479,-8.062,0,25.393,293.153,NaN,NaN
96.596,195.107,-5.432,5.787,-0.008,NaN,NaN,2588.655,0.287,0,63.479,-8.062,0,25.327,293.153,NaN,NaN
96.874,193.599,-5.434,5.785,0.002,NaN,NaN,2588.655,0.287,0,63.479,-8.062,0,25.355,293.153,NaN,NaN
97.151,192.091,-5.433,5.798,0.001,NaN,NaN,2588.655,0.287,0,63.479,-8.062,0,25.352,293.153,NaN,NaN
97.429,190.584,-5.433,5.784,0.009,NaN,NaN,2588.655,0.287,0,63.479,-8.062,0,25.39,293.153,NaN,NaN
97.706,189.077,-5.431,5.745,1.428e-4,NaN,NaN,2588.655,0.287,0,63.479,-8.062,0,25.365,293.153,NaN,NaN
97.984,187.57,-5.43,5.712,-0.005,NaN,NaN,2588.655,0.287,0,63.479,-8.062,0,25.337,293.153,NaN,NaN
98.261,186.063,-5.432,5.702,6.354e-4,NaN,NaN,2588.655,0.287,0,63.479,-8.062,0,25.348,293.153,NaN,NaN
98.538,184.556,-5.432,5.706,0.001,NaN,NaN,2588.655,0.287,0,63.479,-8.062,0,25.35,293.153,NaN,NaN
98.816,183.05,-5.431,5.701,0.003,NaN,NaN,2588.655,0.287,0,63.479,-8.062,0,25.358,293.153,NaN,NaN
99.093,181.544,-5.43,5.715,0.03,NaN,NaN,2588.655,0.287,0,63.479,-8.062,0,25.505,293.153,NaN,NaN
99.37,180.039,-5.422,5.778,-0.024,NaN,NaN,2588.655,0.287,0,63.479,-8.062,0,25.298,293.153,NaN,NaN
99.648,178.533,-5.429,5.816,0.001,NaN,NaN,2588.655,0.287,0,63.479,-8.062,0,25.362,293.153,NaN,NaN
99.925,177.027,-5.428,5.785,-0.003,NaN,NaN,2588.655,0.287,0,63.479,-8.062,0,25.341,293.153,NaN,NaN
100.203,175.522,-5.429,5.774,0.008,NaN,NaN,2588.655,0.287,0,63.479,-8.062,0,25.385,293.153,NaN,NaN
100.48,174.017,-5.427,5.808,-0.005,NaN,NaN,2588.655,0.287,0,63.479,-8.062,0,25.336,293.153,NaN,NaN
100.757,172.512,-5.428,5.798,0.001,NaN,NaN,2588.655,0.287,0,63.479,-8.062,0,25.35,293.153,NaN,NaN
101.034,171.007,-5.428,5.806,0.003,NaN,NaN,2588.655,0.287,0,63.479,-8.062,0,25.358,293.153,NaN,NaN
101.311,169.503,-5.427,5.787,0.001,NaN,NaN,2588.655,0.287,0,63.479,-8.062,0,25.354,293.153,NaN,NaN
101.589,167.999,-5.427,5.77,0.008,NaN,NaN,2588.655,0.287,0,63.479,-8.062,0,25.388,293.153,NaN,NaN
101.866,166.495,-5.425,5.806,-0.003,NaN,NaN,2588.655,0.287,0,63.479,-8.062,0,25.346,293.153,NaN,NaN
102.143,164.991,-5.426,5.832,0.01,NaN,NaN,2588.655,0.287,0,63.479,-8.062,0,25.4,293.153,NaN,NaN
102.42,163.488,-5.423,5.879,-0.007,NaN,NaN,2588.655,0.287,0,63.479,-8.062,0,25.336,293.153,NaN,NaN
102.697,161.984,-5.425,5.906,0.005,NaN,NaN,2588.655,0.287,0,63.479,-8.062,0,25.375,293.153,NaN,NaN
102.974,160.482,-5.424,5.867,0.008,NaN,NaN,2588.655,0.287,0,63.479,-8.062,0,25.401,293.153,NaN,NaN
103.251,158.979,-5.421,5.813,-6.743e-4,NaN,NaN,2588.655,0.287,0,63.479,-8.062,0,25.373,293.153,NaN,NaN
103.529,157.476,-5.422,5.768,-0.006,NaN,NaN,2588.655,0.287,0,63.479,-8.062,0,25.341,293.153,NaN,NaN
103.806,155.974,-5.423,5.745,-0.002,NaN,NaN,2588.655,0.287,0,63.479,-8.062,0,25.341,293.153,NaN,NaN
104.083,154.471,-5.424,5.745,0.012,NaN,NaN,2588.655,0.287,0,63.479,-8.062,0,25.404,293.153,NaN,NaN
104.36,152.97,-5.421,5.785,-0.007,NaN,NaN,2588.655,0.287,0,63.479,-8.062,0,25.332,293.153,NaN,NaN
104.637,151.467,-5.423,5.77,-1.249e-4,NaN,NaN,2588.655,0.287,0,63.479,-8.062,0,25.346,293.153,NaN,NaN
104.914,149.966,-5.423,5.772,0.003,NaN,NaN,2588.655,0.287,0,63.479,-8.062,0,25.357,293.153,NaN,NaN
105.191,148.465,-5.422,5.786,6.733e-4,NaN,NaN,2588.655,0.287,0,63.479,-8.062,0,25.35,293.153,NaN,NaN
105.467,146.963,-5.422,5.777,8.928e-4,NaN,NaN,2588.655,0.287,0,63.479,-8.062,0,25.349,293.153,NaN,NaN
105.744,145.462,-5.422,5.776,0.009,NaN,NaN,2588.655,0.287,0,63.479,-8.062,0,25.391,293.153,NaN,NaN
106.021,143.962,-5.419,5.812,-0.005,NaN,NaN,2588.655,0.287,0,63.479,-8.062,0,25.338,293.153,NaN,NaN
106.298,142.461,-5.42,5.831,3.75e-4,NaN,NaN,2588.655,0.287,0,63.479,-8.062,0,25.349,293.153,NaN,NaN
106.575,140.961,-5.42,5.842,0.018,NaN,NaN,2588.655,0.287,0,63.479,-8.062,0,25.437,293.153,NaN,NaN
106.852,139.462,-5.415,5.899,-0.008,NaN,NaN,2588.655,0.287,0,63.479,-8.062,0,25.346,293.153,NaN,NaN
107.128,137.961,-5.417,5.944,-0.006,NaN,NaN,2588.655,0.287,0,63.479,-8.062,0,25.333,293.153,NaN,NaN
107.405,136.461,-5.419,5.934,0.004,NaN,NaN,2588.655,0.287,0,63.479,-8.062,0,25.365,293.153,NaN,NaN
107.682,134.962,-5.418,5.906,-0.002,NaN,NaN,2588.655,0.287,0,63.479,-8.062,0,25.343,293.153,NaN,NaN
107.959,133.463,-5.418,5.912,0.019,NaN,NaN,2588.655,0.287,0,63.479,-8.062,0,25.442,293.153,NaN,NaN
108.235,131.964,-5.413,5.843,-0.015,NaN,NaN,2588.655,0.287,0,63.479,-8.062,0,25.313,293.153,NaN,NaN
108.512,130.465,-5.417,5.828,7.432e-4,NaN,NaN,2588.655,0.287,0,63.479,-8.062,0,25.352,293.153,NaN,NaN
108.789,128.967,-5.417,5.813,0.01,NaN,NaN,2588.655,0.287,0,63.479,-8.062,0,25.398,293.153,NaN,NaN
109.066,127.468,-5.414,5.855,7.917e-4,NaN,NaN,2588.655,0.287,0,63.479,-8.062,0,25.373,293.153,NaN,NaN
109.342,125.97,-5.414,5.811,0.007,NaN,NaN,2588.655,0.287,0,63.479,-8.062,0,25.405,293.153,NaN,NaN
109.619,124.473,-5.412,5.756,-0.005,NaN,NaN,2588.655,0.287,0,63.479,-8.062,0,25.354,293.153,NaN,NaN
109.896,122.975,-5.414,5.721,-0.004,NaN,NaN,2588.655,0.287,0,63.479,-8.062,0,25.345,293.153,NaN,NaN
110.172,121.477,-5.415,5.744,-0.002,NaN,NaN,2588.655,0.287,0,63.479,-8.062,0,25.343,293.153,NaN,NaN
110.449,119.98,-5.415,5.743,0.002,NaN,NaN,2588.655,0.287,0,63.479,-8.062,0,25.353,293.153,NaN,NaN
110.725,118.482,-5.415,5.751,0.003,NaN,NaN,2588.655,0.287,0,63.479,-8.062,0,25.36,293.153,NaN,NaN
111.002,116.986,-5.414,5.732,7.911e-5,NaN,NaN,2588.655,0.287,0,63.479,-8.062,0,25.349,293.153,NaN,NaN
111.502,114.279,-5.414,5.752,0.002,NaN,NaN,2588.655,0.287,0,63.479,-8.062,0,25.352,293.153,NaN,NaN
111.778,112.783,-5.413,5.746,0.006,NaN,NaN,2588.655,0.287,0,63.479,-8.062,0,25.373,293.153,NaN,NaN
112.055,111.287,-5.412,5.718,-0.003,NaN,NaN,2588.655,0.287,0,63.479,-8.062,0,25.341,293.153,NaN,NaN
112.331,109.791,-5.412,5.712,0.003,NaN,NaN,2588.655,0.287,0,63.479,-8.062,0,25.361,293.153,NaN,NaN
112.607,108.295,-5.411,5.729,0.012,NaN,NaN,2588.655,0.287,0,63.479,-8.062,0,25.41,293.153,NaN,NaN
112.884,106.8,-5.408,5.773,0.005,NaN,NaN,2588.655,0.287,0,63.479,-8.062,0,25.404,293.153,NaN,NaN
113.16,105.305,-5.407,5.828,-0.012,NaN,NaN,2588.655,0.287,0,63.479,-8.062,0,25.322,293.153,NaN,NaN
113.437,103.809,-5.41,5.856,0.055,NaN,NaN,2588.655,0.287,0,63.479,-8.062,0,25.635,293.153,NaN,NaN
113.713,102.317,-5.395,5.736,-0.054,NaN,NaN,2588.655,0.287,0,63.479,-8.062,0,25.212,293.153,NaN,NaN
113.99,100.82,-5.41,5.736,0.001,NaN,NaN,2588.655,0.287,0,63.479,-8.062,0,25.352,293.153,NaN,NaN
114.266,99.326,-5.41,5.747,0.015,NaN,NaN,2588.655,0.287,0,63.479,-8.062,0,25.424,293.153,NaN,NaN
114.542,97.832,-5.405,5.795,-0.013,NaN,NaN,2588.655,0.287,0,63.479,-8.062,0,25.313,293.153,NaN,NaN
114.819,96.338,-5.409,5.798,0.012,NaN,NaN,2588.655,0.287,0,63.479,-8.062,0,25.408,293.153,NaN,NaN
115.095,94.844,-5.406,5.749,-0.007,NaN,NaN,2588.655,0.287,0,63.479,-8.062,0,25.338,293.153,NaN,NaN
115.371,93.35,-5.407,5.729,0.015,NaN,NaN,2588.655,0.287,0,63.479,-8.062,0,25.431,293.153,NaN,NaN
115.648,91.858,-5.403,5.779,-0.015,NaN,NaN,2588.655,0.287,0,63.479,-8.062,0,25.308,293.153,NaN,NaN
115.924,90.364,-5.407,5.79,0.002,NaN,NaN,2588.655,0.287,0,63.479,-8.062,0,25.352,293.153,NaN,NaN
116.2,88.871,-5.407,5.781,0.001,NaN,NaN,2588.655,0.287,0,63.479,-8.062,0,25.35,293.153,NaN,NaN
116.476,87.378,-5.407,5.777,0.003,NaN,NaN,2588.655,0.287,0,63.479,-8.062,0,25.359,293.153,NaN,NaN
116.752,85.886,-5.406,5.759,4.695e-4,NaN,NaN,2588.655,0.287,0,63.479,-8.062,0,25.35,293.153,NaN,NaN
117.028,84.394,-5.406,5.77,8.631e-4,NaN,NaN,2588.655,0.287,0,63.479,-8.062,0,25.35,293.153,NaN,NaN
117.304,82.902,-5.406,5.764,0.003,NaN,NaN,2588.655,0.287,0,63.479,-8.062,0,25.359,293.153,NaN,NaN
117.58,81.41,-5.405,5.781,0.008,NaN,NaN,2588.655,0.287,0,63.479,-8.062,0,25.388,293.153,NaN,NaN
117.856,79.918,-5.403,5.819,-0.002,NaN,NaN,2588.655,0.287,0,63.479,-8.062,0,25.355,293.153,NaN,NaN
118.132,78.427,-5.403,5.788,-0.003,NaN,NaN,2588.655,0.287,0,63.479,-8.062,0,25.34,293.153,NaN,NaN
118.408,76.935,-5.404,5.798,0.002,NaN,NaN,2588.655,0.287,0,63.479,-8.062,0,25.356,293.153,NaN,NaN
118.684,75.444,-5.403,5.813,1.681e-4,NaN,NaN,2588.655,0.287,0,63.479,-8.062,0,25.348,293.153,NaN,NaN
118.96,73.954,-5.403,5.809,0.006,NaN,NaN,2588.655,0.287,0,63.479,-8.062,0,25.373,293.153,NaN,NaN
119.236,72.463,-5.402,5.778,6.585e-4,NaN,NaN,2588.655,0.287,0,63.479,-8.062,0,25.358,293.153,NaN,NaN
119.512,70.973,-5.402,5.805,2.874e-4,NaN,NaN,2588.655,0.287,0,63.479,-8.062,0,25.355,293.153,NaN,NaN
119.788,69.483,-5.401,5.828,-7.961e-5,NaN,NaN,2588.655,0.287,0,63.479,-8.062,0,25.35,293.153,NaN,NaN
120.288,66.782,-5.402,5.8,0.002,NaN,NaN,2588.655,0.287,0,63.479,-8.062,0,25.353,293.153,NaN,NaN
120.564,65.292,-5.401,5.791,0.001,NaN,NaN,2588.655,0.287,0,63.479,-8.062,0,25.352,293.153,NaN,NaN
120.839,63.803,-5.401,5.799,0.002,NaN,NaN,2588.655,0.287,0,63.479,-8.062,0,25.358,293.153,NaN,NaN
121.115,62.314,-5.4,5.815,0.004,NaN,NaN,2588.655,0.287,0,63.479,-8.062,0,25.366,293.153,NaN,NaN
121.391,60.825,-5.399,5.787,9.705e-5,NaN,NaN,2588.655,0.287,0,63.479,-8.062,0,25.354,293.153,NaN,NaN
121.891,58.125,-5.399,5.748,0.001,NaN,NaN,2588.655,0.287,0,63.479,-8.062,0,25.355,293.153,NaN,NaN
122.166,56.637,-5.398,5.731,3.687e-4,NaN,NaN,2588.655,0.287,0,63.479,-8.062,0,25.35,293.153,NaN,NaN
122.442,55.149,-5.398,5.741,0.01,NaN,NaN,2588.655,0.287,0,63.479,-8.062,0,25.395,293.153,NaN,NaN
122.718,53.661,-5.396,5.779,-0.006,NaN,NaN,2588.655,0.287,0,63.479,-8.062,0,25.334,293.153,NaN,NaN
122.993,52.173,-5.397,5.795,0.003,NaN,NaN,2588.655,0.287,0,63.479,-8.062,0,25.364,293.153,NaN,NaN
123.269,50.686,-5.397,5.77,7.757e-4,NaN,NaN,2588.655,0.287,0,63.479,-8.062,0,25.356,293.153,NaN,NaN
123.545,49.198,-5.396,5.749,0.001,NaN,NaN,2588.655,0.287,0,63.479,-8.062,0,25.356,293.153,NaN,NaN
123.82,47.711,-5.396,5.728,-8.72e-4,NaN,NaN,2588.655,0.287,0,63.479,-8.062,0,25.345,293.153,NaN,NaN
124.096,46.224,-5.396,5.731,0.005,NaN,NaN,2588.655,0.287,0,63.479,-8.062,0,25.372,293.153,NaN,NaN
124.371,44.738,-5.395,5.704,8.175e-5,NaN,NaN,2588.655,0.287,0,63.479,-8.062,0,25.355,293.153,NaN,NaN
124.871,42.04,-5.395,5.743,6.22e-4,NaN,NaN,2588.655,0.287,0,63.479,-8.062,0,25.352,293.153,NaN,NaN
125.147,40.554,-5.395,5.756,0.013,NaN,NaN,2588.655,0.287,0,63.479,-8.062,0,25.414,293.153,NaN,NaN
125.422,39.069,-5.391,5.802,-0.011,NaN,NaN,2588.655,0.287,0,63.479,-8.062,0,25.319,293.153,NaN,NaN
125.698,37.583,-5.394,5.804,0.005,NaN,NaN,2588.655,0.287,0,63.479,-8.062,0,25.372,293.153,NaN,NaN
125.973,36.097,-5.393,5.775,0.003,NaN,NaN,2588.655,0.287,0,63.479,-8.062,0,25.37,293.153,NaN,NaN
126.249,34.612,-5.392,5.807,-0.004,NaN,NaN,2588.655,0.287,0,63.479,-8.062,0,25.337,293.153,NaN,NaN
126.524,33.127,-5.393,5.811,0.026,NaN,NaN,2588.655,0.287,0,63.479,-8.062,0,25.479,293.153,NaN,NaN
126.8,31.643,-5.386,5.736,-0.023,NaN,NaN,2588.655,0.287,0,63.479,-8.062,0,25.292,293.153,NaN,NaN
127.075,30.157,-5.392,5.729,0.001,NaN,NaN,2588.655,0.287,0,63.479,-8.062,0,25.353,293.153,NaN,NaN
127.351,28.673,-5.392,5.74,0.005,NaN,NaN,2588.655,0.287,0,63.479,-8.062,0,25.374,293.153,NaN,NaN
127.626,27.189,-5.39,5.769,-0.003,NaN,NaN,2588.655,0.287,0,63.479,-8.062,0,25.343,293.153,NaN,NaN
127.901,25.704,-5.391,5.782,0.001,NaN,NaN,2588.655,0.287,0,63.479,-8.062,0,25.351,293.153,NaN,NaN
128.176,24.22,-5.391,5.772,0.002,NaN,NaN,2588.655,0.287,0,63.479,-8.062,0,25.354,293.153,NaN,NaN
128.452,22.737,-5.39,5.783,0.002,NaN,NaN,2588.655,0.287,0,63.479,-8.062,0,25.355,293.153,NaN,NaN
128.727,21.253,-5.39,5.798,0.018,NaN,NaN,2588.655,0.287,0,63.479,-8.062,0,25.44,293.153,NaN,NaN
129.002,19.771,-5.385,5.735,5.646e-4,NaN,NaN,2588.655,0.287,0,63.479,-8.062,0,25.393,293.153,NaN,NaN
129.278,18.288,-5.385,5.792,-0.014,NaN,NaN,2588.655,0.287,0,63.479,-8.062,0,25.317,293.153,NaN,NaN
129.553,16.804,-5.388,5.776,0.003,NaN,NaN,2588.655,0.287,0,63.479,-8.062,0,25.366,293.153,NaN,NaN
129.828,15.322,-5.387,5.748,0.03,NaN,NaN,2588.655,0.287,0,63.479,-8.062,0,25.511,293.153,NaN,NaN
130.103,13.84,-5.379,5.667,-0.026,NaN,NaN,2588.655,0.287,0,63.479,-8.062,0,25.296,293.153,NaN,NaN
130.379,12.357,-5.386,5.646,-0.004,NaN,NaN,2588.655,0.287,0,63.479,-8.062,0,25.338,293.153,NaN,NaN
130.654,10.875,-5.387,5.651,0.009,NaN,NaN,2588.655,0.287,0,63.479,-8.062,0,25.391,293.153,NaN,NaN
130.929,9.394,-5.385,5.682,-5.178e-4,NaN,NaN,2588.655,0.287,0,63.479,-8.062,0,25.362,293.153,NaN,NaN
131.204,7.912,-5.385,5.712,0.015,NaN,NaN,2588.655,0.287,0,63.479,-8.062,0,25.437,293.153,NaN,NaN
131.479,6.431,-5.381,5.767,0.002,NaN,NaN,2588.655,0.287,0,63.479,-8.062,0,25.405,293.153,NaN,NaN
131.755,4.95,-5.38,5.831,-0.017,NaN,NaN,2588.655,0.287,0,63.479,-8.062,0,25.31,293.153,NaN,NaN
132.03,3.468,-5.385,5.814,0.002,NaN,NaN,2588.655,0.287,0,63.479,-8.062,0,25.362,293.153,NaN,NaN
132.305,1.987,-5.384,5.788,0.002,NaN,NaN,2588.655,0.287,0,63.479,-8.062,0,25.362,293.153,NaN,NaN
132.674,0,-5.384,5.752,-0.003,NaN,NaN,2588.655,0.287,0,63.479,-8.062,0,25.341,293.153,NaN,NaN
